response_id,submitted_at,language,anonymity,respondent_types,may-3-9,may-10-16,may-17-23,may-24-30,may-31-jun-6,jun-7-13,jun-14-20,jun-21-27,jun-28-jul-4,jul-5-11,sep-6-12,sep-13-19,sep-20-26,sep-27-oct-3,oct-4-10,oct-11-17,comment
68db1eba-1c37-486e-99c8-991dd5e82fcb,2026-08-23T18:52:06Z,en,Anonymous,want-to-come|builder-barrio|strike,build-barrio|event|org-strike,build-barrio|event|org-strike,build-barrio|event|org-strike,build-barrio|event|org-strike,build-barrio|event|org-strike,build-barrio|event|org-strike,build-barrio|event|org-strike,cannot,cannot,cannot,cannot,cannot,cannot,cannot,cannot,cannot,
0240a52e-150b-4c1f-a7ea-1aff4277da23,2026-08-23T19:10:05Z,de,Anonymous,want-to-come,event,event,event,event,event,event,event,cannot,cannot,cannot,event,event,event,event,event,event,
5cbb5517-a2d1-4473-a758-4bdc181fd7c0,2026-08-23T19:10:11Z,en,Anonymous,want-to-come|builder-barrio|strike,build-barrio|event,build-barrio|event,build-barrio|event,build-barrio|event,build-barrio|event,build-barrio|event,build-barrio|event,build-barrio|event,build-barrio|event,build-barrio|event,build-barrio|event,build-barrio|event,build-barrio|event,build-barrio|event,build-barrio|event,build-barrio|event,"Can come for all dates, but I have a strong preference for the event not being cancelled!"
b4399c2c-8188-480f-a598-4286caddf3e8,2026-08-23T19:15:15Z,en,Anonymous,want-to-come|builder-barrio|other-burns,event,event,event,event,event,cannot|event,event,cannot,cannot,cannot,cannot,event,event,event,event,event,
6752c548-82e0-4ddc-b4d1-2858687c88ef,2026-08-23T19:15:22Z,fr,Anonymous,want-to-come,cannot,cannot,cannot,cannot,cannot,event,cannot,cannot,event,event,cannot,cannot,cannot,cannot,cannot,cannot,
29c2c234-5bc7-42dc-b5d7-3d566fe109f8,2026-08-23T19:15:59Z,fr,Anonymous,want-to-come|builder-barrio,cannot,cannot,cannot,cannot,cannot,cannot,cannot,event,build-barrio|event,build-barrio|event,build-barrio|event,build-barrio|event,build-barrio|event,build-barrio|event,build-barrio|event,build-barrio|event,
71ffd458-fc14-4236-a06b-b80c71cff1e7,2026-08-23T19:17:44Z,en,Anonymous,want-to-come|builder-barrio,event,event,event,event,event,event,cannot,cannot,cannot,cannot,cannot,event,event,event,event,event,This is the reality of the world we live in now. Wildfires and extreme heat must be adapted to.
10626ed6-85a2-4efa-8c88-32271fc71960,2026-08-23T19:18:02Z,de,Anonymous,want-to-come|other-burns,build-barrio|build-event,cannot,cannot,cannot,build-barrio|build-event,build-barrio|build-event,build-barrio|build-event,build-barrio|build-event,build-barrio|build-event,build-barrio|build-event,build-barrio|build-event,cannot,cannot,cannot,cannot,build-barrio|build-event,"May we have our local burn, dates already fixed as reservations takes a year ahead. Guess this is for many events similar. 

I‘m all for changing dates, based on what has been collected. 2027 will lead to some pain for other events / or people not coming to Spain. 2028 should be than better. "
4553111a-8853-4521-9213-8cdde899caa0,2026-08-23T19:19:16Z,ca,Anonymous,want-to-come|builder-org|builder-barrio|other-burns,event,event,event,event,event,build-barrio|build-event|event,build-barrio|build-event|event,event,event,event,build-barrio|build-event|event,build-barrio|build-event|event,build-barrio|build-event|event,build-barrio|build-event|event,build-barrio|build-event|event,build-barrio|build-event|event,Nothing
9e3728d6-7f02-41f4-9e35-eebb877ec9b4,2026-08-23T19:20:15Z,en,Anonymous,want-to-come,event|org-strike,event|org-strike,event|org-strike,cannot,cannot,cannot,cannot,cannot,cannot,cannot,event|org-strike,build-barrio|build-event|event|org-strike,build-barrio|build-event|event|org-strike,build-barrio|event|org-strike,build-barrio|event|org-strike,cannot,"I will come almost all year round, but I am more keen to get cooler temperature with higher chance of rain. I will also be at crème brûlée so won’t be able that week either"
f4040a36-34c0-4ea1-b547-f027e622494c,2026-08-23T19:20:25Z,en,Anonymous,want-to-come|builder-barrio|strike,build-barrio|event|org-strike,build-barrio|event|org-strike,build-barrio|event|org-strike,build-barrio|event|org-strike,build-barrio|event|org-strike,build-barrio|event|org-strike,cannot,cannot,cannot,cannot,cannot,cannot,cannot,cannot,cannot,cannot,
0337711d-8d32-41ea-a20d-c62032a00e4f,2026-08-23T19:20:48Z,en,Anonymous,want-to-come,cannot,cannot,event,event,event,event,cannot,cannot,cannot,cannot,build-barrio|cannot,build-event|event|org-strike,build-event|event|org-strike,build-event|event|org-strike,cannot,cannot,
ad484529-e013-4b04-9fbc-3f7c7bfa2605,2026-08-23T19:21:14Z,fr,Anonymous,want-to-come|strike,cannot,cannot,cannot,cannot,cannot,cannot,cannot,cannot,event,event|org-strike,cannot,cannot,cannot,cannot,cannot,cannot,"Je peux uniquement pendant les vacances scolaires : hors été c'est du 5 au 18 mai et du 18 au 31 octobre, mais ces dates ne sont pas proposées."
4b84097e-ef51-40aa-b864-9e200386b9ae,2026-08-23T19:21:22Z,en,Anonymous,want-to-come|builder-barrio,cannot,cannot,cannot,cannot,cannot,event,event,event,cannot,cannot,event,cannot,cannot,cannot,cannot,cannot,
45b057d1-92f5-42ce-a01e-54db388f23a6,2026-08-23T19:21:51Z,en,Anonymous,want-to-come,build-event|event,event,event,event,cannot,cannot,cannot,cannot,cannot,cannot,cannot,cannot,event,event,event,event,
1604df6b-5d6d-480e-85e8-861567a4810d,2026-08-23T19:21:58Z,en,Anonymous,builder-barrio,build-barrio,build-barrio,build-barrio,build-barrio,build-barrio,build-barrio,cannot,cannot,cannot,cannot,cannot,build-barrio,build-barrio,build-barrio,build-barrio,build-barrio,
149a01ed-c130-4961-9695-f5e4e19dd27a,2026-08-23T19:22:20Z,en,Anonymous,want-to-come,event,event,event,event,event,event,event,cannot,cannot,cannot,event,event,event,event,event,event,
0865244f-d0f8-492e-afa9-02d841270db4,2026-08-23T19:23:14Z,es,Anonymous,want-to-come|builder-barrio|strike|other-burns,cannot,build-barrio|event|org-strike,build-barrio|event|org-strike,build-barrio|event|org-strike,build-barrio|event|org-strike,build-barrio|event|org-strike,cannot,cannot,cannot,build-barrio|event|org-strike,build-barrio|event|org-strike,build-barrio|event|org-strike,build-barrio|event|org-strike,build-barrio|event|org-strike,cannot,build-barrio|event|org-strike,
83b764d4-509c-4347-9444-7f97643b8135,2026-08-23T19:24:02Z,fr,Anonymous,want-to-come|builder-barrio|strike|other-burns,cannot,cannot,cannot,cannot,build-barrio|event|org-strike,build-barrio|event|org-strike,build-barrio|event|org-strike,cannot,cannot,cannot,build-barrio|event|org-strike,build-barrio|event|org-strike,build-barrio|event|org-strike,cannot,cannot,cannot,
d69ee11f-0d13-4f4c-9a42-718cb8909b15,2026-08-23T19:24:02Z,en,Anonymous,want-to-come|other-burns,cannot,build-event,build-barrio|build-event|org-strike,build-barrio|build-event|event|org-strike,build-barrio|build-event|event|org-strike,build-barrio|build-event|event|org-strike,build-barrio|build-event|event|org-strike,build-barrio|build-event|event|org-strike,cannot,cannot,build-barrio|build-event|event|org-strike,build-barrio|build-event|event|org-strike,cannot,cannot,cannot,cannot,"I think fire risk is one of the main reasons to change the date. And with the environment changes it will only get worse. 

But i hate the possibility of very cold nights. So spring and early fall are the best. Also outside of the big summer holidays which makes traveling a lot cheaper. "
99c4d73b-ac41-42ea-9279-f0c5385fb1b0,2026-08-23T19:24:13Z,en,Anonymous,want-to-come|builder-barrio|strike,build-event|event|org-strike,build-event|event|org-strike,build-event|event|org-strike,build-event|event|org-strike,build-event|event|org-strike,build-event|event|org-strike,build-event|event|org-strike,cannot,cannot,cannot,cannot,cannot,cannot,cannot,cannot,cannot,
ab49f277-3c0b-43db-acf6-af7beb141b68,2026-08-23T19:24:27Z,en,Anonymous,want-to-come|builder-barrio|strike|other-burns,cannot,cannot,cannot,cannot,cannot,cannot,cannot,cannot,cannot,build-barrio|build-event|event|org-strike,cannot,cannot,cannot,cannot,cannot,cannot,"I work in education and have fixed holidays (july-august). If the event moves, I won't be able to attend anymore. 

Active member of my barrio since 2019, didn't miss a single event. Barrio builder and event striker - until the bitter(sweet) end!

But I also understand the reasons for moving - I will just see what happens with the poll and voting."
516e696d-2f86-4df7-8547-3e407236c4b7,2026-08-23T19:25:53Z,de,Anonymous,want-to-come|builder-barrio|strike,cannot,cannot,build-barrio|event|org-strike,build-barrio|event|org-strike,build-barrio|event|org-strike,build-barrio|event|org-strike,build-barrio|event|org-strike,build-barrio|event|org-strike,build-barrio|event|org-strike,build-barrio|event|org-strike,build-barrio|event|org-strike,build-barrio|event|org-strike,cannot,cannot,cannot,cannot,
0e345bbf-b0ca-4d0c-876a-f24601b1e231,2026-08-23T19:26:26Z,es,Anonymous,want-to-come|builder-barrio,cannot,cannot,cannot,build-barrio,build-barrio,build-barrio,build-barrio,build-barrio,build-barrio,build-barrio,cannot,cannot,cannot,cannot,cannot,cannot,
87a00c25-4938-4f00-a3ca-ead8060d0f66,2026-08-23T19:26:29Z,es,Anonymous,want-to-come|builder-barrio,cannot,cannot,cannot,build-barrio|event,build-barrio|event,build-barrio|event,build-barrio|event,build-barrio|event,build-barrio|event,build-barrio|event,build-barrio|event,cannot,cannot,cannot,cannot,cannot,
e7472d51-3a6b-4340-bc34-dfaf7e848bd9,2026-08-23T19:26:44Z,en,Anonymous,want-to-come|builder-barrio|other-burns,cannot,cannot,cannot,build-barrio|event,build-barrio|event,build-barrio|event,cannot,cannot,cannot,event,cannot,cannot,build-barrio|event,build-barrio|event,cannot,cannot,sheep & burning man conflicts.  
9d7e735c-7bfc-4d4c-a332-1e1d82b6d1a5,2026-08-23T19:27:24Z,en,Anonymous,want-to-come|builder-org|builder-barrio|strike,cannot,cannot,cannot,cannot,build-barrio|build-event,event,event,org-strike,org-strike,build-barrio|build-event,event,event,org-strike,cannot,cannot,cannot,just be rational. The table is a bit confusing. I think build and strike are just a consequence of when the event is going to be.
da6a9237-8ba5-4538-9dcf-9df72577e1fd,2026-08-23T19:27:31Z,en,Anonymous,want-to-come,cannot,cannot,cannot,cannot,cannot,event,event,event,event,event,cannot,cannot,cannot,cannot,cannot,cannot,
feca2dbc-bee8-4ad6-b64f-5a0c6ca8c313,2026-08-23T19:28:57Z,en,Anonymous,want-to-come|builder-org|builder-barrio|strike,cannot,cannot,cannot,cannot,cannot,event|org-strike,build-barrio|event|org-strike,build-barrio|build-event|event|org-strike,build-barrio|build-event|event|org-strike,build-barrio|build-event|event|org-strike,cannot,cannot,cannot,cannot,cannot,cannot,
47866634-bcac-4cc5-991c-90afd52b9bbc,2026-08-23T19:28:59Z,es,Anonymous,want-to-come,cannot,cannot,cannot,cannot,build-event,event,event,event,cannot,cannot,event,org-strike,org-strike,org-strike,org-strike,org-strike,"I make art installations
I selected based on warm temperatures and not rainy"
2b89a439-bde7-4634-9944-f874e37c1c42,2026-08-23T19:31:48Z,it,Anonymous,want-to-come|builder-barrio|other-burns,cannot,cannot,cannot,cannot,cannot,build-barrio|event,build-barrio|event,build-barrio|event,cannot,cannot,cannot,cannot,cannot,cannot,cannot,cannot,
a985875f-912b-4fa9-9f55-15004883f243,2026-08-23T19:32:12Z,en,Anonymous,want-to-come|builder-barrio|other-burns,build-barrio|event,build-barrio|event,build-barrio|event,build-barrio|event,build-barrio|event,build-barrio|event,cannot,cannot,cannot,cannot,build-barrio|event,build-barrio|event,build-barrio|event,cannot,cannot,cannot,"June 14 onwards clashes with Kiez Burn Build, Event and Strike next year. But KB is also looking for a new venue and is generally more flexible with dates, so future dates for Elsewhere shouldn't be depending too much on KB27.
The usual week is getting too hot, I will likely prioritize other Burns then.
End of September onwards has the risk of single digit temperature during the night, which is extremely unpleasant and requires a lot of extra gear to stay warm."
7a62597e-cc3b-4add-a28c-afffe81bfbd7,2026-08-23T19:33:31Z,en,Anonymous,want-to-come,cannot,cannot,cannot,event,event,event,event,cannot,cannot,cannot,event,cannot,event,cannot,cannot,cannot,
09debe46-2487-4ad3-b604-ae2500a60b2d,2026-08-23T19:34:30Z,en,Anonymous,want-to-come|other-burns,event,event,event,event,event,cannot,event,cannot,event,cannot,event,event,event,event,event,event,
c0cdaf2c-9946-452f-98bd-ccfbfc912572,2026-08-23T19:35:29Z,en,Anonymous,want-to-come|builder-barrio|strike|other-burns,build-barrio|event|org-strike,build-barrio|event|org-strike,build-barrio|event|org-strike,cannot,cannot,cannot,cannot,cannot,cannot,cannot,cannot,build-barrio|event|org-strike,build-barrio|event|org-strike,build-barrio|event|org-strike,build-barrio|event|org-strike,build-barrio|event|org-strike,
4400c14a-17b3-495f-9128-f3b8f43ddbdd,2026-08-23T19:36:29Z,en,Anonymous,want-to-come|builder-barrio|other-burns,cannot,event,event,cannot,event,event,event,cannot,cannot,build-barrio|event,cannot,event,event,event,event,event,"It’s better to stick to same week every year for people to plan, I feel first week of July works perfectly "
109cc7d9-807e-4868-a43b-acf4206921bd,2026-08-23T19:37:30Z,de,Anonymous,want-to-come|strike,cannot,event|org-strike,cannot,event|org-strike,event|org-strike,cannot,cannot,cannot,cannot,cannot,cannot,cannot,cannot,cannot,event|org-strike,event|org-strike,
0b92629a-5fb1-487d-a870-de3d85b4ecb0,2026-08-23T19:38:36Z,en,Anonymous,want-to-come|builder-barrio|other-burns,cannot,cannot,cannot,cannot,cannot,cannot,cannot,cannot,cannot,build-barrio|event,cannot,cannot,cannot,cannot,cannot,cannot,
14f3557a-7b29-4b6e-a50c-b4b91574b5ba,2026-08-23T19:41:05Z,de,Anonymous,want-to-come|builder-barrio|strike,cannot,cannot,cannot,cannot,cannot,cannot,cannot,cannot,build-barrio|event|org-strike,build-barrio|event|org-strike,build-barrio|event|org-strike,build-barrio|event|org-strike,build-barrio|event|org-strike,cannot,cannot,cannot,
4ea20747-0215-42a2-961f-d6a66d7f3937,2026-08-23T19:42:07Z,en,Anonymous,builder-barrio,event,event,event,event,event,event,cannot,cannot,cannot,cannot,cannot,event,event,event,event,event,
83769d3d-bc3f-4d05-b619-dd5fae74079e,2026-08-23T19:42:29Z,en,Anonymous,want-to-come|builder-org|builder-barrio|strike|other-burns,cannot,build-barrio|build-event|event|org-strike,cannot,cannot,build-barrio|build-event|event|org-strike,build-barrio|build-event|event|org-strike,build-barrio|build-event|event|org-strike,cannot,cannot,cannot,cannot,cannot,cannot,cannot,build-barrio|build-event|event|org-strike,build-barrio|build-event|event|org-strike,
65cdd5eb-c77f-4868-ab85-b51ff89c5f4d,2026-08-23T19:43:38Z,en,Anonymous,builder-barrio|other-burns,cannot,event,event,event,event,event,cannot,cannot,cannot,cannot,cannot,cannot,cannot,event,event,event,No
0b9c90c8-dded-4762-b349-134912dd1f19,2026-08-23T19:44:13Z,en,Anonymous,want-to-come,cannot,event,event,event,event,event,cannot,cannot,cannot,cannot,cannot,event,event,event,event,event,Good decision to review the dates. The high temperatures and wild fire risk were my top concerns of going to the event this year. If it's held at another date I would most likely join next year! 
6e5ff2cd-2069-4765-877d-933e74a28085,2026-08-23T19:44:14Z,en,Anonymous,want-to-come|builder-org|other-burns,cannot,cannot,event,event,event,build-barrio|event,build-barrio|event,build-barrio|event,build-barrio|event,event,build-event|event,build-barrio|event,event,event,cannot,event,
de92b407-6eee-4f89-85e2-c24d6a6e0079,2026-08-23T19:45:07Z,ca,Anonymous,want-to-come|builder-barrio|strike,build-barrio|event,build-barrio|event,build-barrio|event,build-barrio|event,build-barrio|event,build-barrio|event,cannot,cannot,cannot,cannot,cannot,build-barrio|event,build-barrio|event,build-barrio|event,build-barrio|event,build-barrio|event,Gràcies per preguntar. S'agrairà no fer-lo en les dates de més calor!
bf22d56b-2bfa-4ed3-9b5b-95c45dee2673,2026-08-23T19:45:48Z,es,Anonymous,want-to-come|builder-barrio|other-burns,build-barrio|build-event|event|org-strike,build-barrio|build-event|event|org-strike,build-barrio|build-event|event|org-strike,build-barrio|build-event|event|org-strike,build-barrio|event,event,cannot,cannot,cannot,cannot,build-barrio|event,build-barrio|event,build-barrio|event,build-barrio|event,build-barrio|event,build-barrio|event,"He decidido descartar algunas fechas por el excesivo calor, el riesgo de incendio y de cancelación."
aca7f8c6-6d78-4c77-ad4b-e5ca51431fd0,2026-08-23T19:46:03Z,en,Anonymous,want-to-come|builder-barrio|strike|other-burns,build-barrio|event|org-strike,build-barrio|event|org-strike,build-barrio|event|org-strike,build-barrio|event|org-strike,build-barrio|event|org-strike,event|org-strike,cannot,cannot,cannot,cannot,build-barrio,build-barrio|event|org-strike,build-barrio|event|org-strike,build-barrio|event|org-strike,build-barrio|event|org-strike,build-barrio|event|org-strike,I think it’s civic responsibility to not go with high fire hazard. 
d91fcfbd-1bb4-4d7b-97bc-222b9de1baf3,2026-08-23T19:46:04Z,en,Anonymous,want-to-come|builder-barrio|other-burns,cannot,event,event,event,event,event,event,event,cannot,cannot,cannot,cannot,cannot,cannot,cannot,cannot,Conflict with other burn events should be considered 
42347b02-656a-4358-bbf7-4d771f935e18,2026-08-23T19:46:06Z,ca,Anonymous,want-to-come|builder-org|builder-barrio,cannot,cannot,cannot,build-barrio|build-event|event,build-barrio|build-event|event,build-barrio|build-event|event,build-barrio|build-event|event,cannot,cannot,cannot,cannot,cannot,cannot,cannot,cannot,cannot,Evento del principio del verano con bajo riesgo de incendio
dc0d15cb-422f-4393-84a5-ec6c7367d7a3,2026-08-23T19:51:15Z,es,Anonymous,want-to-come|builder-barrio|strike|other-burns,cannot,cannot,cannot,cannot,cannot,cannot,cannot,cannot,event|org-strike,build-barrio|build-event|event|org-strike,cannot,cannot,cannot,cannot,cannot,cannot,No cambiemos las fechas. Creo que siendo profesor no veo la manera de faltar al trabajo y quiero que esto siga manteniendo el espíritu veraniego y desértico mientras se pueda.
98e88e55-c84f-410b-a893-07d71d8d9ab9,2026-08-23T19:52:22Z,es,Anonymous,builder-barrio,cannot,cannot,build-barrio|build-event|event|org-strike,build-barrio|build-event|event|org-strike,build-barrio|build-event|event|org-strike,build-barrio|build-event|event|org-strike,build-barrio|build-event|event|org-strike,cannot,cannot,cannot,cannot,cannot,cannot,cannot,cannot,cannot,
9e660058-b9cc-40ef-b603-ec9e3b2a8dfa,2026-08-23T19:52:44Z,de,Anonymous,want-to-come|builder-barrio|strike,cannot,cannot,cannot,build-event,build-barrio|build-event|event,build-barrio|build-event|event,build-barrio|build-event|event,event,event,event,event,event,event,event,event,cannot,
c1b186cd-d728-4b11-a563-1b23073d24a0,2026-08-23T19:55:15Z,en,Anonymous,want-to-come|strike|other-burns,event|org-strike,event|org-strike,event|org-strike,event|org-strike,event|org-strike,event|org-strike,event|org-strike,cannot,cannot,cannot|event,event|org-strike,event|org-strike,event|org-strike,event|org-strike,event|org-strike,event|org-strike,
e1a3b959-a531-4775-be4f-ff64c54a10cb,2026-08-23T19:57:06Z,en,Anonymous,want-to-come|builder-barrio|other-burns,cannot,cannot,cannot,cannot,build-barrio,event,org-strike,cannot,build-barrio,event,build-barrio,event,event,event,event,event,
02634593-158b-4663-8867-3cf72d0d8c18,2026-08-23T19:57:55Z,en,Anonymous,want-to-come|other-burns,cannot,cannot,cannot,cannot,event,event,cannot,cannot,event,event,event,event,cannot,cannot,cannot,cannot,
ba7c1599-4087-41e5-9c3f-5467f22bfe30,2026-08-23T19:57:58Z,de,Anonymous,want-to-come|strike,cannot,event|org-strike,cannot,cannot,cannot,event|org-strike,event|org-strike,cannot,cannot,cannot,cannot,cannot,cannot,cannot,event|org-strike,event|org-strike,
e34b2559-dbda-4ee2-bcb9-18c1a7bd0d2c,2026-08-23T20:00:05Z,fr,Anonymous,builder-org,cannot,cannot,cannot,cannot,cannot,cannot,cannot,build-event,build-event,event,cannot,cannot,cannot,cannot,cannot,cannot,"J'adore la chaleur de juillet et c'est encore le début de l'été, donc ça ouvre la saison des festivals avec le meilleur de tous selon moi!"
350ef6e1-de46-47e4-931b-4a4ec1683979,2026-08-23T20:03:45Z,en,Anonymous,want-to-come|builder-barrio,cannot,build-event,build-barrio|build-event,build-barrio|build-event|event,build-barrio|event|org-strike,event|org-strike,org-strike,cannot,cannot,cannot,build-barrio|build-event|event,build-barrio|event|org-strike,build-barrio|event|org-strike,event|org-strike,org-strike,cannot,Thank you!!
a294a3ff-40d4-4291-a150-71e585fa4131,2026-08-23T20:03:53Z,en,Anonymous,want-to-come,cannot,cannot,cannot,cannot,cannot,build-barrio|event|org-strike,build-barrio|event|org-strike,build-barrio|event|org-strike,cannot,build-barrio|event|org-strike,build-barrio|event|org-strike,cannot,cannot,cannot,cannot,cannot,I work in a job that needs me around last days of the month and first days of each calendar month. Therefore I opt for the weeks that fully “in the month” and if there is an overlap it’s harder for me to commit to build AND strike while I would like to do both. It also affects the way my participation is regarded by other barrio members and if I cannot fully commit I am more likely not to come at all.
19e9de28-8278-4025-a5a5-a959f50a3b39,2026-08-23T20:05:03Z,fr,Anonymous,want-to-come|builder-org|strike,cannot,cannot,cannot,cannot,event|org-strike,build-event|event|org-strike,cannot,build-event|event|org-strike,build-event|event|org-strike,build-event|event|org-strike,build-event|event|org-strike,build-event|event,cannot,cannot,build-event|event|org-strike,cannot,Please not in may 😣 I am organizing a festival event that overlaps with ascension holidays (moving accordingly to the moon phase every year) and also because of Crème Brûlée... 
60a8c1fc-cf4f-494e-9f82-2724f58ca67e,2026-08-23T20:05:05Z,fr,Anonymous,want-to-come|builder-barrio|other-burns,cannot,cannot,cannot,cannot,cannot,cannot,cannot,cannot,cannot,build-barrio,cannot,cannot,build-barrio,build-barrio,build-barrio,build-barrio,
6a9c16e1-61db-4559-889b-c73016628d32,2026-08-23T20:09:18Z,en,Anonymous,want-to-come|builder-org|builder-barrio|other-burns,event,event,event,event,build-event,event,org-strike,cannot,cannot,cannot,cannot,event,event,event,event,event,
5747e986-ec83-48f3-ae32-665965d0174c,2026-08-23T20:09:49Z,fr,Anonymous,want-to-come|other-burns,build-barrio|event|org-strike,build-barrio|event,event,event,event,event,event,cannot,cannot,cannot,event,build-barrio|event,build-barrio|event,build-barrio|event|org-strike,build-barrio|event|org-strike,build-barrio|event|org-strike,
ddd62668-8bdb-46d7-8e75-5cbadea9d293,2026-08-23T20:10:01Z,en,Anonymous,want-to-come|builder-barrio|strike|other-burns,cannot,cannot,cannot,cannot,build-barrio|build-event|event|org-strike,build-barrio|build-event|event|org-strike,build-barrio|build-event|event|org-strike,build-barrio|build-event|event|org-strike,cannot,cannot,build-barrio|build-event|event|org-strike,build-barrio|build-event|event|org-strike,cannot,cannot,cannot,cannot,
3a04e264-68a6-4ba2-8782-2a53ebb45c3f,2026-08-23T20:13:35Z,en,Anonymous,want-to-come|other-burns,cannot,cannot,cannot,cannot,event,event,cannot,cannot,cannot,cannot,event,event,event,event,event,cannot,
b65465e9-9549-4520-bcb7-95af39ba0ae5,2026-08-23T20:16:11Z,en,Anonymous,want-to-come|builder-org|strike|other-burns,build-event|event|org-strike,build-event|event|org-strike,build-event|event|org-strike,build-event|event|org-strike,build-event|event|org-strike,build-event|event|org-strike,build-event|event|org-strike,build-event|event|org-strike,build-event|event|org-strike,build-event|event|org-strike,build-event|event|org-strike,build-event|event|org-strike,build-event|event|org-strike,build-event|event|org-strike,build-event|event|org-strike,build-event|event|org-strike,
3cd81b4d-5912-455a-8f1c-dcc4b082ecd4,2026-08-23T20:18:37Z,en,Anonymous,want-to-come|builder-barrio|other-burns,cannot,cannot,cannot,cannot,cannot,cannot,build-barrio|build-event|event|org-strike,build-barrio|build-event|event|org-strike,build-barrio|build-event|event|org-strike,cannot,cannot,cannot,cannot,cannot,cannot,cannot,
85154c24-397a-4624-bf5f-8f3a941bbdf6,2026-08-23T20:19:45Z,en,Anonymous,want-to-come|builder-barrio|other-burns,build-barrio|event,build-barrio|event,build-barrio|event,build-barrio|event,cannot,cannot,build-barrio|event,build-barrio|event,build-barrio|event,build-barrio|event,build-barrio|event,build-barrio|event,build-barrio|event,build-barrio|event,build-barrio|event,build-barrio|event,
d66abfda-2dd0-46e6-9458-d98cf3b8a38c,2026-08-23T20:20:02Z,ca,Anonymous,want-to-come|builder-org|builder-barrio|other-burns,cannot,cannot,cannot,cannot,cannot,event,build-barrio|event,build-barrio|build-event|event|org-strike,build-barrio|build-event|event|org-strike,build-barrio|build-event|event|org-strike,cannot,cannot,cannot,cannot,cannot,cannot,
8808a820-a2ac-479b-bd4d-3a27867eadc9,2026-08-23T20:24:28Z,en,Anonymous,builder-barrio,cannot,cannot,cannot,cannot,cannot,cannot,cannot,cannot,cannot,cannot,build-barrio|event,build-barrio|event,build-barrio|event,build-barrio|event,cannot,cannot,September seems to have the best weather and lowest conflict with other burns
25b528d7-3b93-4710-b607-8166e60fc06d,2026-08-23T20:24:45Z,en,Anonymous,builder-org|strike|other-burns,build-barrio|build-event|event|org-strike,build-barrio|build-event|event|org-strike,build-barrio|build-event|event|org-strike,build-barrio|build-event|event|org-strike,build-barrio|build-event|event|org-strike,build-barrio|build-event|event|org-strike,build-barrio|build-event|event|org-strike,build-barrio|build-event|event|org-strike,build-barrio|build-event|event|org-strike,build-barrio|build-event|event|org-strike,build-barrio|build-event|event|org-strike,build-barrio|build-event|event|org-strike,build-barrio|build-event|event|org-strike,build-barrio|build-event|event|org-strike,build-barrio|build-event|event|org-strike,build-barrio|build-event|event|org-strike,I will come no matter what but I do think moving it to September ultimately would be best
753ce9f1-f8bb-45e5-bc3a-ea0505e7eb07,2026-08-23T20:27:34Z,en,Anonymous,want-to-come|builder-barrio,build-barrio|event,build-barrio|event,build-barrio|event,build-barrio|event,build-barrio|event,build-barrio|event,build-barrio|event,build-barrio|event,build-barrio|event,build-barrio|event,build-barrio|event,build-barrio|event,build-barrio|event,build-barrio|event,build-barrio|event,build-barrio|event,I'm mostly concerned about evacuation risk and unpleasant heat. I have no personal constraints on dates as long as they are fixed early enough to be able to book the time off from work
d2019752-f2e8-4ebc-b08f-af323ac4fa78,2026-08-23T20:28:46Z,es,Anonymous,want-to-come,cannot,cannot,cannot,event,build-barrio|event,cannot,cannot,cannot,cannot,event|org-strike,cannot,cannot,event,cannot,event,event,
1dc5806d-8346-46b7-8372-192b2db215b7,2026-08-23T20:30:26Z,en,Anonymous,want-to-come,event,event,event,event,event,event,cannot,cannot,cannot,cannot,cannot,event,event,event,event,event,"The historical fire alert levels clearly shows that the risk is 1) presenting itself earlier every year and 2) getting more extreme. This is the single biggest threat to the event, given the impact to everyone’s health and disruption to logistics. Choosing dates outside the hottest months should be a no-brainer. Dealing with the cold is much easier than dealing with the excessive heat"
21c4087a-eecf-42a0-831c-f971414aab1b,2026-08-23T20:36:27Z,fr,Anonymous,want-to-come|builder-barrio|strike|other-burns,event,event,event,cannot,cannot,cannot,cannot,cannot,build-barrio|build-event|event|org-strike,build-barrio|build-event|event|org-strike,build-barrio|build-event|event|org-strike,build-barrio|build-event|event|org-strike,build-barrio|build-event|event|org-strike,build-barrio|build-event|event|org-strike,cannot,cannot,I would like the temperatures to remain high during the burn. It is part of the experience for me
1e7ddc7a-2e36-406e-a8fb-e37781c7b129,2026-08-23T20:38:04Z,en,Anonymous,want-to-come|builder-barrio,cannot,build-barrio|event,build-barrio|event,build-barrio|event,cannot,cannot,cannot,cannot,cannot,cannot,cannot,build-barrio|event,build-barrio|event,cannot,cannot,cannot,
4e8c9e10-4d69-4a90-b933-c08755e35045,2026-08-23T20:38:24Z,en,CompletionTracked,builder-barrio|other-burns,build-barrio|event,build-barrio|event,build-barrio|event,build-barrio|event,build-barrio|event,build-barrio|event,cannot,cannot,cannot,cannot,build-barrio|event,build-barrio|event,build-barrio|event,build-barrio|event,build-barrio|event,build-barrio|event,The heat!
474d7afb-a8d4-4d97-9d6e-5594c64d335e,2026-08-23T20:39:02Z,en,Anonymous,want-to-come|builder-barrio|other-burns,build-barrio|event|org-strike,build-barrio|event,cannot,build-barrio|event|org-strike,build-barrio|event|org-strike,build-barrio|event|org-strike,build-barrio|event|org-strike,build-barrio|event|org-strike,build-barrio|event|org-strike,build-barrio|event|org-strike,cannot,cannot,cannot,cannot,build-barrio|event|org-strike,build-barrio|event|org-strike,Planning to attend Burning Man so I need at least a month to recover after :) otherwise any date is fine except May 17 for personal reasons. 
908b77b3-a79b-4105-bdc6-251d30ed52f0,2026-08-23T20:40:22Z,fr,Anonymous,want-to-come|builder-barrio,build-barrio|event|org-strike,build-barrio|event|org-strike,build-barrio|event|org-strike,build-barrio|event|org-strike,build-barrio|event|org-strike,build-barrio|event|org-strike,build-barrio|event|org-strike,build-barrio|event|org-strike,build-barrio|event|org-strike,build-barrio|event|org-strike,build-barrio|event|org-strike,build-barrio|event|org-strike,build-barrio|event|org-strike,build-barrio|event|org-strike,build-barrio|event|org-strike,build-barrio|event|org-strike,"But I do think that early June would be better for everyone, I understand the issues relatives to school system, but still :/ "
235ec8ef-a6be-4859-8f2b-1b5d3897df7c,2026-08-23T20:41:17Z,en,Anonymous,want-to-come,cannot,cannot,cannot,cannot,cannot,cannot,cannot,cannot,cannot,cannot,cannot,event,event,event,event,event,
62e3e789-d7b0-4193-beac-1a152e412fc7,2026-08-23T20:41:26Z,es,Anonymous,want-to-come|builder-barrio,build-barrio|event,build-barrio|event,build-barrio|event,build-barrio|event,cannot,cannot,cannot,cannot,cannot,cannot,build-barrio|event,build-barrio|event,build-barrio|event,build-barrio|event,build-barrio|event,build-barrio|event,"El calor infernal de los últimos años dificulta mucho la gestión de talleres y hace complicado el descanso. Vivimos en un país con mucho sol y monegros siempre es duro por si solo, no tiene sentido seguir haciéndolo en fechas de máximo calor. Además un poco más de frío ahora que tendréis un terreno permite tener estructuras cerradas y ambientes más íntimos. Incluso el big burn tiene noches frías "
4c0bc7aa-e333-44e7-90a3-a22c0adc0557,2026-08-23T20:44:29Z,en,CompletionTracked,want-to-come|builder-barrio|strike,build-barrio|build-event|event,build-barrio|build-event|event,build-barrio|build-event|event|org-strike,build-barrio|build-event|event|org-strike,build-barrio|build-event|event|org-strike,build-barrio|build-event|event|org-strike,event|org-strike,event|org-strike,cannot,cannot,cannot,cannot,cannot,cannot,cannot,cannot,
fada40bd-db6c-4493-b7fd-73c20c02ff4d,2026-08-23T20:46:37Z,es,Anonymous,want-to-come|builder-barrio|other-burns,cannot,cannot,cannot,cannot,cannot,cannot,cannot,cannot,event,event,event,cannot,cannot,cannot,cannot,cannot,
47b457c5-7936-4212-94d7-5d63fb9de369,2026-08-23T20:48:26Z,en,Anonymous,want-to-come|builder-barrio|other-burns,cannot,build-barrio,build-barrio,build-barrio,cannot,cannot,cannot,cannot,cannot,cannot,cannot,cannot,cannot,cannot,build-barrio,build-barrio,"It would be really nice to have an overview of how the others think, how the votes and opinions are shaping (in real time if possible?)

Thanks for your effort!!"
a4a384eb-bbcb-4c0f-9251-b950d455e224,2026-08-23T20:55:29Z,es,Anonymous,want-to-come|builder-barrio,cannot,cannot,cannot,cannot,cannot,cannot,cannot,cannot,build-barrio|event,build-barrio|event,cannot,cannot,cannot,cannot,cannot,cannot,En calendario escolar no puedo venir por tema niños. En verano es más fácil organizarme por temas de custodia y vacaciones 
3422669e-6d11-4481-872e-d3e9edd7aeef,2026-08-23T20:58:56Z,de,Anonymous,want-to-come,cannot,cannot,cannot,cannot,cannot,cannot,cannot,cannot,cannot,cannot,event,event,event,cannot,event,event,
da6352ce-4550-41bf-90f7-1ff04d211258,2026-08-23T21:02:11Z,de,Anonymous,want-to-come|builder-org|builder-barrio,cannot,cannot,build-barrio|build-event,build-barrio|build-event|event,build-barrio|build-event|event,build-event|event,build-barrio|build-event|event,build-barrio|build-event|event,cannot,cannot,cannot,cannot,cannot,cannot,cannot,cannot,
e40cfad8-0c6e-4962-a576-d760747eb5bc,2026-08-23T21:04:48Z,de,Anonymous,want-to-come|other-burns,event,event,event,event,event,event,event,event,event,event,event,event,event,event,event,event,
32d75805-ceba-453a-a362-ec1c8279118c,2026-08-23T21:13:22Z,en,Anonymous,want-to-come|builder-barrio|other-burns,build-barrio|event,build-barrio|event,build-barrio|event,build-barrio|event,cannot,cannot,cannot,cannot,cannot,event,event,build-barrio|event,build-barrio|event,build-barrio|event,build-barrio|event,build-barrio|event,Thank you. 
b3a78d90-a0df-47a9-8cef-c744363b23cc,2026-08-23T21:28:59Z,en,Anonymous,want-to-come|builder-barrio|other-burns,cannot,cannot,cannot,cannot,cannot,cannot,cannot,cannot,cannot,cannot,cannot,event,event,event,build-barrio|event|org-strike,build-barrio|event|org-strike,I think choosing a date when it is less hot. With less wild fire risk and with as little clashing dates as possible is the best option. October dates seem to fit that thinking the best. 
82a9f438-679b-4488-8dd2-42189ed5708e,2026-08-23T21:32:55Z,ca,Anonymous,want-to-come|builder-barrio,event,build-event|event,build-event|event,cannot,build-event|event,build-event|event,build-event,build-event,event,event,event,cannot,cannot,build-event|event,build-event|event,build-event|event,
48b22844-c00c-48fe-9a9f-c974661541d5,2026-08-23T21:35:37Z,en,Anonymous,want-to-come|builder-barrio|other-burns,cannot,cannot,cannot,build-barrio,build-barrio|event,build-barrio|event|org-strike,event|org-strike,cannot,build-barrio,build-barrio|event,build-barrio|event|org-strike,build-barrio|event|org-strike,build-barrio|event|org-strike,org-strike,cannot,cannot,
d7674c44-0d50-4604-a3e2-7ba762ddb501,2026-08-23T21:37:16Z,fr,Anonymous,want-to-come|strike,event|org-strike,event|org-strike,event|org-strike,event|org-strike,event|org-strike,cannot,cannot,cannot,cannot,cannot,cannot,event|org-strike,event|org-strike,event|org-strike,event|org-strike,cannot,
40ffe3f7-503f-4e1b-a40b-f399fccef34b,2026-08-23T21:52:35Z,en,CompletionTracked,want-to-come|other-burns,build-event|event,build-event|event,build-event|event,build-event|event,build-event|event,build-event|event,cannot,cannot,cannot,cannot,cannot,build-event|event,build-event|event,build-event|event,cannot,cannot,Way too hot July! Would rather have a gentler experience in shoulder season 
0d56dba4-422f-40e8-b227-370e1c61aa7e,2026-08-23T22:15:41Z,en,Anonymous,want-to-come|builder-barrio|strike,cannot,cannot,cannot,cannot,build-barrio|event,build-barrio|event,build-barrio|event,build-barrio|event,build-barrio|event,build-barrio|event,build-barrio|event,cannot,cannot,build-barrio|event,cannot,cannot,"reasons for selecting specific dates ""Can't come"": school holidays at homestate (no children means  i have to work ;) ) & personal reasons like birthdays and in autumn probably a small burn in germany (Dekomp) will happen "
8f182701-a4c1-4e23-a3a7-e890ae0ad360,2026-08-23T22:20:20Z,en,CompletionTracked,want-to-come|builder-barrio|other-burns,event,event,event,event,event,org-strike,cannot,cannot,cannot,cannot,cannot,event,event,event,event,event,
0385c6d1-6885-4855-9e5d-73266e5b5c4a,2026-08-23T22:28:40Z,en,CompletionTracked,want-to-come,cannot,cannot,cannot,cannot,cannot,event,event,cannot,cannot,cannot,event,event,event,cannot,cannot,cannot,
ffe56676-4b28-4e54-88fd-a04ccaa147f4,2026-08-23T23:06:30Z,en,Anonymous,want-to-come|builder-barrio,cannot,cannot,cannot,build-barrio,build-barrio|event,build-barrio|event,build-barrio|event,build-barrio|event,build-barrio|event,build-barrio|event,cannot,cannot,cannot,cannot,cannot,cannot,
c997f3ee-c857-4a15-848b-2fb1efc1fd89,2026-08-23T23:22:04Z,en,Anonymous,want-to-come|builder-barrio|strike,build-barrio|event,build-barrio|event,build-barrio|event,build-barrio|event,build-barrio|event,build-barrio|event,build-barrio|event,build-barrio|event,build-barrio|event|org-strike,build-barrio|build-event|event|org-strike,build-barrio|build-event|event|org-strike,build-barrio|build-event|event|org-strike,build-barrio|build-event|event|org-strike,build-barrio|build-event|event|org-strike,build-barrio|build-event|event|org-strike,build-barrio|build-event|event|org-strike,I have a part time teaching job from September 2026 to 1st of July 2027.  In general I try to organize my year around nowhere :) 
bb1cf204-11db-4588-8637-4d665e590b42,2026-08-23T23:56:50Z,es,Anonymous,want-to-come|builder-barrio,cannot,cannot,build-event|event,build-event|event,build-event|event,build-event|event,cannot,cannot,cannot,cannot,build-event|event,cannot,build-event|event,build-event|event,build-event|event,build-event|event,
cb92031f-44f1-474c-9800-5109c9b4cf51,2026-08-24T00:10:04Z,en,Anonymous,want-to-come,cannot,cannot,cannot,cannot,cannot,event,build-barrio|build-event|event|org-strike,build-barrio|build-event|event|org-strike,build-barrio|build-event|event|org-strike,build-barrio|build-event|event|org-strike,cannot,cannot,cannot,cannot,cannot,cannot,
e219ec93-eecb-4ca3-bdec-0831b0a86062,2026-08-24T02:23:40Z,fr,Anonymous,want-to-come,build-event|event,build-event|event,event,event,event,event,event,event,event,event,event,cannot,cannot,cannot,cannot,cannot,"If we want Elsewhere to better welcome kids and teachers, maybe go for a school holidays comparison about spring/easter breaks within the various main countries.

My job has nothing to do with kids, but following their rythme, still. 
Ex  i would love late September, but we are in intense activity in my job at this moment / days off impossible to get."
842e4711-7380-4114-bb00-674cddf3127b,2026-08-24T05:20:30Z,de,CompletionTracked,want-to-come|builder-org,cannot,cannot,cannot,cannot,cannot,cannot,build-barrio|build-event|event|org-strike,build-barrio|build-event|event|org-strike,build-barrio|build-event|event|org-strike,build-barrio|build-event|event|org-strike,build-barrio|build-event|event|org-strike,cannot,cannot,cannot,cannot,cannot,
0551aff8-50e6-4f5d-b71f-a549668d485e,2026-08-24T05:42:23Z,en,CompletionTracked,want-to-come|builder-barrio,cannot,cannot,cannot,cannot,cannot,cannot,cannot,cannot,cannot,cannot,event,event,event,event,cannot,cannot,
a1eec0b6-530e-4377-959b-fa73eba1a658,2026-08-24T06:07:08Z,en,Anonymous,want-to-come|builder-barrio,cannot,cannot,cannot,cannot,event,cannot,cannot,cannot,cannot,cannot,event,build-barrio|build-event|event,build-barrio|build-event|event,build-barrio|build-event|event|org-strike,build-barrio|build-event|event|org-strike,build-barrio|build-event|event|org-strike,The other weeks are in the same as other burns. And from september the weather is not so harsh  October are fire allowed in Spain.
b36a522e-1ca4-4f4d-8cc5-3db263254cce,2026-08-24T06:10:19Z,en,Anonymous,builder-org|builder-barrio|other-burns,build-barrio|build-event|event,build-barrio|build-event|event,build-barrio|build-event|event,build-barrio|build-event|event,build-barrio|event,build-barrio|event,event,event,event,event,event,build-event|event,build-event|event,build-event|event,build-barrio|build-event|event,build-barrio|build-event|event,"Personally, summer is not my holiday time in fact it is my high season regarding work, and taking time off at this time as an entrepreneur requires me losing a lot of money. I happily do it however but the constant fire drama and the increasing likelihood of the event getting cancelled makes me worried to commit more time to the event in the height of summer, it’s only a question of time before we have the event cancelled by external forces. This year we had an experienced member suffer health issues from the heat requiring medical attention. It is not sustainable ethical safe or fair or kind to oldest members to be out there in the hottest time of the year. It has to change.  

It is my opinion that we have to roll with climate change and avoid summer entirely, good sense has to prevail. It’s becoming riskier and riskier to go at this time. "
4621fec7-e8e9-46aa-8fc0-b67babaeb0f1,2026-08-24T06:11:10Z,en,Anonymous,want-to-come,event,event,event,event,event,event,event,event,event,event,event,event,event,event,event,event,"I will come wither way. Would highly appreciate it, if it was not in the very hot season (the red one)"
cf171610-cfdf-4e0d-9170-1905583f6db8,2026-08-24T06:28:10Z,fr,Anonymous,want-to-come|strike,cannot,cannot,cannot,cannot,event|org-strike,event|org-strike,event|org-strike,event|org-strike,event|org-strike,event|org-strike,event|org-strike,event|org-strike,event|org-strike,cannot,cannot,cannot,
39ec5f71-3109-4411-865d-2ae53a30cc33,2026-08-24T06:29:14Z,fr,Anonymous,want-to-come|builder-barrio,cannot,cannot,cannot,build-barrio|build-event,event,event,org-strike,cannot,build-barrio|build-event,event,build-barrio|build-event,event|org-strike,cannot,cannot,cannot,cannot,
842b58a0-9595-4966-8180-0d6128ff0e37,2026-08-24T06:36:12Z,fr,Identified,want-to-come|builder-barrio,build-barrio|event,build-barrio|event,build-barrio|event,build-barrio|event,build-barrio|event,build-barrio|event,build-barrio|event,build-barrio|event,build-barrio|event,build-barrio|event,build-barrio|event,build-barrio|event,build-barrio|event,build-barrio|event,build-barrio|event,build-barrio|event,"I will come whenever the event happens, it's the most important event in my year, but I have a strong preference for it to be on a date when it won't be cancelled for wildfire risks! And I prefer it to be earlier in the year rather than in September."
0da04d8f-2b21-4df0-94d1-8e5bf261e79c,2026-08-24T06:39:41Z,en,Identified,want-to-come|builder-barrio|strike|other-burns,build-barrio|event|org-strike,build-barrio|event|org-strike,build-barrio|event|org-strike,build-barrio|event|org-strike,build-barrio|event|org-strike,build-barrio|event,event,cannot,cannot,cannot,cannot,build-barrio|event|org-strike,build-barrio|event|org-strike,cannot,cannot,cannot,
2bbece5f-0c67-4db9-9269-3e497fde82b4,2026-08-24T06:41:28Z,en,Anonymous,want-to-come,build-event,build-event,build-barrio|build-event,event,build-barrio|build-event|event|org-strike,build-barrio|build-event|event|org-strike,build-barrio|build-event|event|org-strike,build-barrio|build-event|event|org-strike,build-barrio|build-event|event|org-strike,build-barrio|build-event|event|org-strike,event,event,event,event,event,event,October would be very hard to come because of peak time at work 
1517d204-85da-4aa5-9392-9ede512f62c4,2026-08-24T06:42:21Z,en,Identified,want-to-come|builder-org,build-event|event,build-event|event,build-event|event,build-event|event,build-event|event,build-event|event,cannot,cannot,build-event|event,build-event|event,build-event|event,build-event|event,build-event|event,build-event|event,build-event|event,build-event|event,
5948c35b-e397-4f63-98e1-0ca76a6301d9,2026-08-24T06:42:45Z,es,Identified,want-to-come,event,event,event,event,event,event,cannot,cannot,cannot,cannot,cannot,event,event,event,cannot,cannot,Por la mejor temperatura posible
9a4a1018-fb3c-4f68-b7b9-3e84a8a24acf,2026-08-24T06:45:23Z,en,Identified,want-to-come|builder-org|builder-barrio|strike|other-burns,cannot,cannot,cannot,cannot,build-barrio|build-event,build-barrio|build-event|event,build-barrio|build-event|event,event,org-strike,cannot,event,cannot,cannot,cannot,cannot,cannot,
f888731f-0c62-4f38-8c3f-1bfcf7e95eef,2026-08-24T06:46:22Z,es,Anonymous,want-to-come|builder-barrio,build-barrio|event|org-strike,build-barrio|event|org-strike,build-barrio|event|org-strike,event|org-strike,event|org-strike,event|org-strike,cannot,cannot,cannot,cannot,event|org-strike,build-barrio|event|org-strike,build-barrio|event|org-strike,build-barrio|event|org-strike,build-barrio|event|org-strike,build-barrio|event|org-strike,
f4ce5257-c160-4686-a614-7e0ff27481fe,2026-08-24T06:46:26Z,en,Identified,other-burns,cannot,cannot,cannot,cannot,event,cannot,cannot,cannot,cannot,cannot,cannot,cannot,cannot,cannot,cannot,event|org-strike,UK school holidays 
444ee370-9919-4919-b8c0-7c15ce2b045d,2026-08-24T06:46:45Z,en,Anonymous,want-to-come,cannot,cannot,cannot,cannot,cannot,event,event,build-barrio|build-event|event,build-barrio|build-event|event,build-barrio|build-event|event,cannot,cannot,cannot,event,event,event,
833d0435-3bd7-4aea-b6f9-8ba2c13d2223,2026-08-24T06:47:16Z,de,Identified,want-to-come|other-burns,cannot,cannot,cannot,cannot,event,event,event,event,event,event,event,event,event,cannot,cannot,cannot,
6f415877-575b-4a43-afb2-a4ad5a1a1ae6,2026-08-24T06:47:46Z,en,Identified,want-to-come|builder-barrio|strike,build-barrio|build-event|event|org-strike,build-barrio|build-event|event|org-strike,build-barrio|build-event|event|org-strike,build-barrio|build-event|event|org-strike,build-barrio|build-event|event|org-strike,build-barrio|build-event|event|org-strike,cannot,cannot,cannot,cannot,build-barrio|build-event|event|org-strike,build-barrio|build-event|event|org-strike,build-barrio|build-event|event|org-strike,build-barrio|build-event|event|org-strike,build-barrio|build-event|event|org-strike,build-barrio|build-event|event|org-strike,
90f3d16f-bbd6-4889-b4aa-73eb3fb65216,2026-08-24T06:50:29Z,en,Identified,want-to-come|builder-org|builder-barrio|strike|other-burns,cannot,cannot,cannot,build-barrio|build-event|event|org-strike,build-barrio|build-event|event|org-strike,build-barrio|build-event|event|org-strike,build-barrio|build-event|event|org-strike,build-barrio|build-event|event|org-strike,cannot,cannot,cannot,cannot,cannot,cannot,cannot,cannot,This survey doesn't allow for 'that seems like a bad date but I would maybe still come' all my cannot comes are unwilling.
635fedee-823c-407c-b6ea-4023896c1f1c,2026-08-24T06:50:33Z,fr,Anonymous,want-to-come,event,event,event,event,event,event,event,event,event,event,event,event,cannot,cannot,event,event,Merci pour tout le boulot que vous faites. J'ai participé à un build une année. J'étais tellement crevée que j'ai pas pu profiter du festival 
0fe2e42c-cad8-4b21-bb5a-2486f179fb76,2026-08-24T06:50:49Z,en,Identified,want-to-come|builder-org|strike,cannot,cannot,cannot,build-barrio|build-event|event|org-strike,build-barrio|build-event|event|org-strike,build-barrio|build-event|event|org-strike,event|org-strike,event|org-strike,event|org-strike,event|org-strike,cannot,cannot,cannot,cannot,cannot,cannot,Earlier rather than later
95b0e43d-ed45-47af-83a6-89db7c711a77,2026-08-24T06:51:25Z,en,Identified,want-to-come|builder-barrio|other-burns,cannot,cannot,cannot,cannot,cannot,build-event|event,build-event|event,cannot,cannot,cannot,cannot,build-barrio|event,build-barrio|event,build-barrio|event,build-barrio|event,cannot,"This is not voting for a preferred date, just a can I possibly come survey. "
ff83d85d-9fb2-415d-ae0d-7abeec189f7e,2026-08-24T06:53:30Z,en,Identified,want-to-come|builder-barrio,build-barrio|event,build-barrio|event,build-barrio|event,build-barrio|event,build-barrio|event,build-barrio|event,build-barrio|event,build-barrio|event,build-barrio|event,build-barrio|event,build-barrio|event,build-barrio|event,build-barrio|event,build-barrio|event,build-barrio|event,build-barrio|event,My strong preference is late May and June. I'd like us to do a different kind of Burn in October - more art and live performance focused and with fire - when it's cooler but I like the hot desert nature of our current Burn and want to keep that feel.
60de8406-f2b4-4ad7-ba0b-6db662d1f4e0,2026-08-24T06:53:39Z,fr,Anonymous,want-to-come,cannot,cannot,cannot,cannot,event,event,event,cannot,event,event,event,event,cannot,cannot,event,event,
88144969-2a64-455d-84a9-05114e967942,2026-08-24T06:56:13Z,fr,Anonymous,want-to-come|builder-barrio|other-burns,cannot,cannot,build-barrio,build-barrio|event,event,cannot,cannot,cannot,cannot,cannot,cannot,build-barrio,build-barrio|event,event,cannot,cannot,
d4133d88-f461-4b5a-9133-ebe0492a23e6,2026-08-24T06:57:47Z,fr,Identified,want-to-come|builder-org|builder-barrio,cannot,cannot,cannot,cannot,cannot,cannot,event,build-barrio|build-event|event,build-barrio|build-event|event,build-barrio|build-event|event,build-barrio|build-event|event,build-barrio|build-event|event,build-barrio|build-event|event,event,event,event,
fa17cacf-ffb6-4a63-8993-2ecbd79f0094,2026-08-24T07:01:29Z,fr,Identified,want-to-come|builder-barrio|other-burns,cannot,cannot,event,build-barrio|event,build-barrio|event,build-barrio|event,build-barrio|event,build-barrio|event,build-barrio|event,build-barrio|event,cannot,cannot,cannot,cannot,cannot,cannot,"I put ""barrio build"" because that's basically what I did in 2026, but I may also be able to do strike or event build. The real thing is, I'm roughly able to spend 2 weeks on the playa, so I have to choose between building and striking, but it can change."
52cd8ef6-9e23-40c7-ad75-ab6c54fd4943,2026-08-24T07:03:57Z,de,Identified,want-to-come|other-burns,event,event,event,event,event,event,event,event,event,event,event,event,cannot,cannot,cannot,cannot,
285e76bd-3b67-40d2-a5ad-3ede1adf6437,2026-08-24T07:04:38Z,en,Anonymous,want-to-come|builder-org,build-event|event,build-event|event,build-event|event,build-event|event,build-event|event,build-event|event,build-event|event,build-event|event,org-strike,org-strike,build-event|event,org-strike,org-strike,org-strike,org-strike,org-strike,Would love to pre-inspect the (choosen) site and see if I can help financially
76ad22f1-9bdf-4d7c-b3c6-a8e44b7c24b1,2026-08-24T07:04:57Z,fr,Identified,want-to-come|builder-org|builder-barrio|strike|other-burns,build-barrio|build-event|event|org-strike,build-barrio|build-event|event|org-strike,build-barrio|build-event|event,build-barrio|build-event|event|org-strike,build-barrio|build-event|event|org-strike,build-barrio|build-event|event|org-strike,build-event|event,build-event|event,build-event|event,build-event|event,build-event|event,build-barrio|build-event|event|org-strike,build-barrio|build-event|event|org-strike,build-barrio|build-event|event|org-strike,build-barrio|build-event|event|org-strike,build-barrio|build-event|event|org-strike,"Chaque année, la chaleur est une épreuve de plus en plus rude pour moi.
J'adorerais un changement de dates vers des températures plus clementes. Notamment parce que NoWhere a lieu la semaine de Château Perché (je pense que cette concurrence est dure pour pas mal de français).
Mais quoi qu'il arrive, je viendrai toujours, en vrai.

Mon rêve : un échange de dates entre Crème Brûlée et Elsewhere.
"
b130d301-e6ed-44e4-9d3c-c54678aedc44,2026-08-24T07:05:59Z,en,Identified,want-to-come|builder-barrio|strike|other-burns,cannot,cannot,cannot,cannot,cannot,cannot,cannot,cannot,org-strike,build-barrio|event|org-strike,build-barrio|build-event|event|org-strike,build-barrio|build-event|event,cannot,cannot,cannot,cannot,"I am a freelancer in seasonal work with most of my assignments in May-June, almost nothing during the summer and it slowly picks up again in September. 
Unfortunately, I cannot afford to skip peak months like June and May. Beginning of September might be ok. Thank you for the hard work!"
2b2680fb-c15c-41f1-bff2-3b4bfbdf9fe3,2026-08-24T07:06:21Z,en,Identified,want-to-come|builder-barrio,build-barrio|event|org-strike,build-barrio|event|org-strike,build-barrio|event|org-strike,build-barrio|event|org-strike,build-barrio|event|org-strike,cannot,cannot,cannot,cannot,cannot,build-barrio|event|org-strike,build-barrio|event|org-strike,build-barrio|event|org-strike,build-barrio|event|org-strike,build-barrio|event|org-strike,build-barrio|event|org-strike,"Fire risk, heat and event overlap. So much else is already in June/July/August, a Burn in the Spanish desert really shouldn't be. "
3fcfbfc3-9394-457a-81d3-1e271542be75,2026-08-24T07:09:49Z,fr,Identified,want-to-come,cannot,cannot,cannot,cannot,cannot,cannot,cannot,event,event,cannot,cannot,cannot,cannot,cannot,cannot,cannot,
a4b05f09-b413-4a70-bc72-7e834078760a,2026-08-24T07:14:03Z,en,Identified,want-to-come,cannot,cannot,cannot,cannot,cannot,cannot,cannot,cannot,cannot,event|org-strike,cannot,cannot,cannot,cannot,event|org-strike,event|org-strike,
5825a572-49fb-4b36-8886-6733400ab9e7,2026-08-24T07:15:21Z,en,Identified,want-to-come|builder-barrio,event|org-strike,event|org-strike,build-barrio|event,cannot,cannot,event|org-strike,build-barrio|event,build-barrio|event,build-barrio|event,build-barrio|event,build-barrio|event,build-barrio|event,build-barrio|event,build-barrio|event,build-barrio|event,build-barrio|event,
8e4b5fb6-298e-44cf-9d68-0a9ac81da5eb,2026-08-24T07:17:43Z,en,Identified,want-to-come|builder-barrio,event,event,event,event,event,event,event,event,event,event,event,event,event,event,event,event,
91de50e1-6035-4e9a-a89a-1703e2ef0043,2026-08-24T07:17:50Z,en,Identified,builder-org,build-event,build-event,build-event,build-barrio,event,org-strike,cannot,cannot,cannot,cannot,cannot,cannot,event,event,event,event,
9dbc6e1f-12d3-4b80-8859-81939ef1883d,2026-08-24T07:18:28Z,en,Identified,want-to-come|builder-barrio|other-burns,build-barrio|event,build-barrio|event,build-barrio|event,build-barrio|event,build-barrio|event,build-barrio|event,build-barrio|event,cannot,cannot,cannot,build-barrio|event,build-barrio|event,build-barrio|event,cannot,cannot,cannot,"The ground is very muddy and slippery from the rain, and we've had accidents in the past. That’s why I didn’t vote for October"
2685a6fb-4833-4e66-9175-1c263bd078d1,2026-08-24T07:22:29Z,en,Identified,want-to-come,cannot,cannot,cannot,event,event,event,cannot,cannot,cannot,cannot,cannot,cannot,event,event,event,cannot,"These seem to be better days over all, mild weather, low risk and no overlap with other major burn events such as Africa Burn, Borderland, Burning Man and Pyragea "
5848e219-66e3-4202-98ad-ffbf20eaae46,2026-08-24T07:25:55Z,es,Identified,want-to-come,cannot,cannot,cannot,cannot,cannot,cannot,build-barrio|build-event,build-barrio|build-event,build-event|event,event|org-strike,cannot,cannot,cannot,cannot,cannot,cannot,
7440757c-c7bc-4a89-bd6f-298ddab28675,2026-08-24T07:27:14Z,en,Identified,want-to-come|builder-barrio|other-burns,event,event,event,event,event,build-event|event,build-event|event,build-event|event,build-event|event,build-event|event,build-event|event,event,event,event,event,event,
fbb26c26-5226-4d98-b362-09954b8f7f84,2026-08-24T07:28:15Z,en,Identified,want-to-come,event,event,event,cannot,event,event,event,event,cannot,cannot,event,event,event,event,event,event,I did not select the July weeks because I agree that the fire risk seems too high.
bcbd0e1e-94ef-4ce7-9791-be86c1d55b72,2026-08-24T07:30:53Z,fr,Identified,want-to-come,cannot,cannot,cannot,cannot,cannot,cannot,cannot,cannot,cannot,cannot,build-event,build-barrio|build-event|event,build-barrio|event,event,build-barrio|build-event|event|org-strike,cannot,
0eedfe14-768a-4625-b12e-a3866a122769,2026-08-24T07:32:37Z,fr,Identified,want-to-come|other-burns,event,event,cannot,cannot,cannot,event,event,cannot,cannot,cannot,cannot,event,cannot,cannot,event,event,
2dee521e-a22e-464d-8ec7-5450217bf1bf,2026-08-24T07:35:03Z,fr,Identified,want-to-come|builder-org,cannot,cannot,build-event,build-event|event,build-event|event,build-event|event,build-event|event,build-event,cannot,cannot,build-event|event,cannot,cannot,build-event|event,build-event|event,cannot,
f159c311-e45a-49e7-a187-fdc70a0ba822,2026-08-24T07:38:21Z,fr,Identified,want-to-come|builder-barrio,event,event,build-event|event,build-event|event,build-event|event,build-event|event,build-event|event,build-event|event,build-event|event,build-event|event,build-event|event,build-event|event,build-event|event,event,event,event,
f03fd4d9-a22b-42e3-a86c-577d8f778905,2026-08-24T07:38:40Z,en,Anonymous,want-to-come|other-burns,cannot,cannot,cannot,cannot,cannot,build-barrio,build-barrio|org-strike,build-barrio|build-event|org-strike,build-barrio|build-event,cannot,cannot,cannot,cannot,cannot,cannot,cannot,
dec32614-2367-41c8-8b20-ab01074c619f,2026-08-24T07:40:18Z,de,Identified,want-to-come|builder-barrio|other-burns,build-barrio|event,build-barrio|event,build-barrio|event,build-barrio|event,build-barrio|event,build-barrio|event,build-barrio|event,build-barrio|event,build-barrio|event,build-barrio|event,build-barrio|event,build-barrio|event,build-barrio|event,build-barrio|event,build-barrio|event,build-barrio|event,
60098e9c-3c28-4cca-a831-e59cdcf4f52e,2026-08-24T07:40:32Z,en,Identified,want-to-come,event,event,event,event,cannot,cannot,cannot,cannot,cannot,cannot,cannot,cannot,event,event,event,event,
77d35000-73a1-4505-9477-2fc71aa310d9,2026-08-24T07:43:46Z,en,Identified,want-to-come|strike|other-burns,event,event,event,event,event,event,event,event,event,event,event,event,event,event,event,event,"I am local and can take holidays out of the summer fixed period so anytime works to me.
However, I would suggest to avoid October as it might be windy and cold (winter jacket potentially needed during day / night depending on the weather). 
Also, the week including 12 October are the biggest festivities in Zaragoza city (fiestas del pilar), so it might have a small impact for locals attendance or local suppliers capabilities. Probably not relevant but worth to mention."
6b836e67-95f2-43c9-b28e-ee7e2d8093bd,2026-08-24T07:47:56Z,en,Identified,want-to-come,event,event,event,event,event,cannot,cannot,cannot,cannot,cannot,cannot,event,event,event,event,event,"Love this festival, but really can't stand the heat anymore in July, it's too much. Would love it if we could move the dates to a cooler month. Otherwise I won't be able to come, even though I love this pace and this community!"
783595f9-e095-4efe-af0b-a83d38542cb7,2026-08-24T07:54:22Z,en,Identified,want-to-come|builder-barrio,cannot,cannot,cannot,cannot,cannot,cannot,cannot,cannot,build-barrio,event,cannot,cannot,cannot,cannot,cannot,cannot,
6b5824ae-2d09-4548-a2d5-d5f3d3715a1e,2026-08-24T07:57:27Z,en,Identified,want-to-come,build-barrio|event,build-barrio|event,build-barrio|event,event,cannot,cannot,cannot,cannot,cannot,cannot,event,build-barrio|event,build-barrio|event,build-barrio|event,build-barrio|event,build-barrio|event,"I’m assuming you didn’t put August in because of the heat? 
I like the idea of either doing it in May (less likey cause other burns) or to push it to after Burning man. 
Also… you really need to add the Burning Man dates to your list. Europeans just don’t know. Borderland isn’t an official regional event, so that’s relative… "
dc391079-26f2-4eee-93c8-694ae2085bf7,2026-08-24T07:58:57Z,en,Identified,want-to-come|builder-barrio,build-barrio|event,build-barrio|event,cannot,cannot,event,cannot,cannot,build-barrio|event,build-barrio|event,build-barrio|event,cannot,cannot,cannot,event,cannot,cannot,
a5aada1a-1d76-47c2-9528-f05f82644412,2026-08-24T07:59:54Z,de,Identified,want-to-come|builder-org|other-burns,build-event|event,build-event|event,build-event|event,build-event|event,build-event|event,build-event|event,event,event,event,event,event,event,build-event|event,build-event|event,build-event|event,build-event|event,"I would come to elsewhere anytime, because it's my Highlight of the year... but regarding to fire risk and my other burn/ festival activities during summer earlier in spring or later in autumn seem more reasonable... earlier means time for build is available at my site later means time for strike"
3a68df90-492f-49d0-9ea3-bd234a830397,2026-08-24T08:08:32Z,en,Identified,want-to-come|builder-barrio|strike|other-burns,build-barrio|build-event,build-barrio|build-event,build-barrio|build-event,build-barrio|build-event,build-barrio|event,build-barrio|event,build-barrio|event,build-barrio|event,build-barrio|event|org-strike,build-barrio|org-strike,org-strike,org-strike,org-strike,org-strike,org-strike,org-strike,
2c5d39e4-df99-4c0f-acde-3143d602d5b1,2026-08-24T08:11:54Z,es,Anonymous,want-to-come|other-burns,cannot,cannot,cannot,cannot,cannot,cannot,cannot,event,event,event,event,cannot,cannot,cannot,cannot,cannot,Tengo niños a mi cuidado y no puedo dejarles tanto tiempo en periodo escolar. :(
b9b1de8d-838f-4d85-a541-34d655590180,2026-08-24T08:12:27Z,en,Identified,builder-org,cannot,cannot,build-event|event,build-event|event,event,build-event|event,build-event|event,build-event|event,build-event|event,build-event|event,build-event|event,cannot,cannot,cannot,cannot,cannot,
224142c8-b23e-4028-b6c2-635fc8b37015,2026-08-24T08:20:47Z,en,Identified,want-to-come,cannot,cannot,build-barrio|build-event|event|org-strike,build-barrio|build-event|event|org-strike,build-barrio|build-event|event|org-strike,build-barrio|build-event|event|org-strike,build-barrio|build-event|event|org-strike,build-barrio|build-event|event|org-strike,cannot,cannot,build-barrio|build-event|event|org-strike,build-barrio|build-event|event|org-strike,build-barrio|build-event|event|org-strike,cannot,cannot,cannot,
c5caa46a-c163-44f3-ae61-b845e290346e,2026-08-24T08:22:13Z,en,Anonymous,want-to-come,event,event,cannot,event,cannot,cannot,cannot,cannot,cannot,cannot,cannot,cannot,event,event,event,event,
25f8f9b4-de44-4a37-b643-b809a712f210,2026-08-24T08:27:52Z,en,Identified,want-to-come|builder-barrio,build-barrio|event,cannot,cannot,cannot,build-barrio|event,build-barrio|event,build-barrio|event,cannot,cannot,cannot,build-barrio|event,build-barrio|event,build-barrio|event,build-barrio|event,build-barrio|event,build-barrio|event,"Given the data and info you provided (many thanks for that, and for your transparency in communicating it!), I believe the main event dates of May 31 to June 6, June 7 to 13 or September 6 to 12 to be most suitable, with September being most suitable because of lack of breeding season."
7d6bb9ed-2090-4aed-a9ab-b843447e165e,2026-08-24T08:30:33Z,fr,Identified,want-to-come|strike,cannot,cannot,cannot,cannot,cannot,cannot,cannot,cannot,cannot,event,cannot,cannot,cannot,cannot,cannot,cannot,Not avaliable outside hollidays
f4f41713-a25f-4d77-b63e-9099a82ca962,2026-08-24T08:32:41Z,en,Identified,want-to-come|other-burns,cannot,cannot,cannot,cannot,event,event,event,event,event,event,event,event,event,event,cannot,cannot,following the weather 
df8adb7a-6e8e-465a-b082-034abca9e168,2026-08-24T08:34:41Z,it,Identified,want-to-come,cannot,event,cannot,event,event,event,event,event,event,event,cannot,cannot,cannot,cannot,cannot,cannot,Grazie 
735de874-06ea-49c7-b29a-5e55ce4787f5,2026-08-24T08:36:57Z,en,Identified,want-to-come|builder-org|builder-barrio,cannot,cannot,cannot,build-barrio|build-event|event,build-barrio|build-event|event,build-barrio|build-event|event,cannot,build-barrio|build-event|event,build-barrio|build-event|event,build-barrio|build-event|event,build-barrio|build-event|event,build-barrio|build-event|event,build-barrio|build-event|event,cannot,cannot,cannot,"I would like to be able to go to Where The Sheep Sleep, so I left those days unchecked.

I also left the very early and very late days unchecked because I think part of the allure of Elsewhere / Nowhere is the hot environment. The date should be a balance between 'we won't get evacuated or burned' and 'it's still hot enough to fit the vibe of the event'."
65df0b57-7e7a-487f-bca3-33d2f9a17a73,2026-08-24T08:38:32Z,en,Identified,want-to-come|builder-barrio|strike|other-burns,build-barrio|build-event,build-barrio|build-event|event,build-barrio|build-event|event|org-strike,build-barrio|build-event|event|org-strike,build-barrio|build-event|event|org-strike,build-barrio|build-event|event|org-strike,event|org-strike,org-strike,cannot,cannot,cannot,build-barrio|build-event,build-barrio|build-event|event,build-barrio|build-event|event|org-strike,build-barrio|build-event|event|org-strike,org-strike,
759e4deb-2c3a-40d0-afc0-1ef50bb6b71b,2026-08-24T08:42:29Z,es,Identified,want-to-come|builder-barrio|other-burns,build-barrio|build-event|event|org-strike,build-barrio|build-event|event|org-strike,build-barrio|build-event|event|org-strike,build-barrio|build-event|event|org-strike,build-barrio|build-event|event|org-strike,build-barrio|build-event|event|org-strike,cannot,cannot,cannot,cannot,cannot,build-barrio|build-event|event|org-strike,build-barrio|build-event|event|org-strike,build-barrio|build-event|event|org-strike,build-barrio|build-event|event|org-strike,build-barrio|build-event|event|org-strike,
21d01d1a-95b2-47ff-9d41-bfa4f230bdd3,2026-08-24T08:45:09Z,en,Anonymous,want-to-come,cannot,event,cannot,event,cannot,event,cannot,event,cannot,cannot,cannot,cannot,cannot,cannot,cannot,cannot,
3c25814b-5b5a-4b55-bbf3-b45850614092,2026-08-24T08:53:30Z,es,Anonymous,want-to-come|builder-org|other-burns,build-barrio|build-event|event|org-strike,build-barrio|build-event|event|org-strike,build-barrio|build-event|event|org-strike,cannot,cannot,cannot,cannot,cannot,cannot,cannot,build-barrio|build-event|event|org-strike,build-barrio|build-event|event|org-strike,build-barrio|build-event|event|org-strike,build-barrio|build-event|event|org-strike,build-barrio|build-event|event|org-strike,build-barrio|build-event|event|org-strike,
d7062f97-2369-4db5-9c47-cc79e1b23755,2026-08-24T08:55:30Z,en,Identified,want-to-come|builder-org|other-burns,event,event,event,event,event,build-event|event,build-event|event,build-event|event,build-event|event,build-event|event,cannot,cannot,cannot,cannot,cannot,cannot,"There should be an option ""Don't want to come"", as I don't really feel like going in September, but I probably could....
Also, May is just a guess on my side, that depends on work as I'm a freelancer, and there are more potential jobs happening in May than during the summer."
16d7bd2f-7cd5-442b-b7bd-7a2f278bae84,2026-08-24T08:56:32Z,fr,Identified,want-to-come|builder-barrio,build-barrio|event,build-barrio|event,build-barrio|event,build-barrio|event,build-barrio|event,build-barrio|event,build-barrio|event,cannot,cannot,cannot,build-barrio|event,build-barrio|event,build-barrio|event,build-barrio|event,build-barrio|event,build-barrio|event,
c8fdc928-7894-4b57-ad99-53b9a46c55af,2026-08-24T09:00:26Z,it,Identified,want-to-come|other-burns,event,event,event,cannot,event,event,event,cannot,cannot,cannot,event,cannot,event,event,cannot,cannot,"mainly availability-based, considering other interest in burner's european festivals,"
3b2f357e-4636-4fc8-9196-1a6f821ec2b5,2026-08-24T09:00:26Z,en,Anonymous,want-to-come|strike|other-burns,event,cannot,cannot,cannot,cannot,cannot,cannot,event,build-barrio|build-event|event|org-strike,build-barrio|build-event|event|org-strike,cannot,cannot,cannot,cannot,cannot,cannot,"I am teaching; I can work remote only end June, early July; might apply to others as well"
7129ac9b-68b7-4cf3-b81d-24112fa3560a,2026-08-24T09:06:25Z,fr,Identified,want-to-come|builder-barrio,event,cannot,cannot,event,event,event,event,event,event,build-barrio|event|org-strike,cannot,cannot,cannot,cannot,cannot,cannot,
e17d6aab-d87f-4eb7-84cf-56f20b96963f,2026-08-24T09:06:58Z,en,Anonymous,want-to-come|other-burns,build-barrio|event|org-strike,build-barrio|event|org-strike,build-barrio|event|org-strike,build-barrio|event|org-strike,build-barrio|event|org-strike,build-barrio|event|org-strike,build-barrio|event,cannot,cannot,cannot,event|org-strike,build-barrio|event|org-strike,build-barrio|event|org-strike,build-barrio|event|org-strike,build-barrio|event|org-strike,build-barrio|event|org-strike,
75f74cf3-3976-462d-a58d-9dd3afee4ed0,2026-08-24T09:07:56Z,en,Anonymous,want-to-come|builder-barrio|other-burns,cannot,cannot,cannot,build-barrio,build-barrio,build-barrio,cannot,cannot,cannot,cannot,cannot,cannot,cannot,build-barrio,build-barrio,build-barrio,"Avoiding peak ""summer dates"" to reduce risk of heat waves 
Middle of summer is a bit rough for many people."
439c40a5-d449-4634-9c54-d5bab3eecaba,2026-08-24T09:09:26Z,en,Identified,want-to-come|builder-barrio,cannot,cannot,cannot,cannot,cannot,cannot,cannot,cannot,event,build-barrio|event,build-barrio|event,build-barrio|event,cannot,cannot,cannot,cannot,"I’m lecturing at university school, cannot take complete weeks off outside of scholar holidays."
7de7846a-8ecd-4992-ab12-61645254fc00,2026-08-24T09:09:35Z,en,Identified,want-to-come|other-burns,cannot,cannot,event,event,event,event,event,event,event,event,event,event,event,event,event,cannot,
4ac317d4-6880-40d4-865d-131335cc48ef,2026-08-24T09:12:26Z,fr,Identified,want-to-come|builder-org,cannot,event,cannot,build-event|event,cannot,cannot,event,event,build-event|event,build-event|event,build-event|event,build-event|event,build-event|event,event,event,cannot,can't take 1 month of holiday outside of around summer...
b9be392b-cb81-448d-a3e3-3ff36e0a6fcc,2026-08-24T09:16:22Z,de,Identified,want-to-come,cannot,cannot,cannot,cannot,cannot,build-barrio|event,build-barrio|event,cannot,cannot,cannot,build-barrio|event,build-barrio|event,cannot,cannot,cannot,cannot,Earlier or later than that might be quite cold. Springtime too rainy also. 
33dce368-67e5-4d45-abe8-0637bfe77c79,2026-08-24T09:16:49Z,en,Anonymous,want-to-come|builder-barrio|other-burns,cannot,build-barrio|event,build-barrio|event,build-barrio|event,build-barrio|event,build-barrio|event,build-barrio|event,cannot,cannot,cannot,build-barrio|event,cannot,cannot,build-barrio|event,cannot,cannot,
b6a27e2f-e7b0-492d-ac6e-6d2b5e599c44,2026-08-24T09:17:31Z,en,Identified,want-to-come|builder-org|builder-barrio,cannot,cannot,cannot,cannot,cannot,cannot,cannot,cannot,cannot,cannot,build-barrio|build-event|event|org-strike,build-barrio|build-event|event|org-strike,cannot,cannot,cannot,cannot,
ab13847d-dad5-4a53-baa3-65272f755bee,2026-08-24T09:23:54Z,en,Identified,want-to-come,build-barrio|build-event|event|org-strike,build-barrio|build-event|event|org-strike,build-barrio|build-event|event|org-strike,build-barrio|build-event|event|org-strike,build-barrio|build-event|event|org-strike,build-barrio|build-event|event|org-strike,cannot,cannot,cannot,cannot,event,event,event,event,event,event,
2683e10d-ebc0-4d94-9363-d00c99beb44e,2026-08-24T09:24:33Z,ca,Anonymous,want-to-come|builder-barrio|other-burns,build-barrio|build-event,build-barrio|build-event,build-barrio|build-event|event,build-barrio|build-event|event,build-barrio|build-event|event,build-barrio|event,event,cannot,cannot,cannot,build-barrio,build-barrio|event,build-barrio|event,event,cannot,cannot,
65f0038a-bbe7-4e4e-959a-1457d54777f7,2026-08-24T09:25:28Z,fr,Identified,want-to-come|strike,cannot,cannot,event,build-barrio|build-event|event|org-strike,build-barrio|build-event|event|org-strike,event,event,event,cannot,event|org-strike,build-barrio|build-event|event|org-strike,build-event|event,cannot,cannot,cannot,cannot,"Prendre en compte qu'au 1er weekend de Julliet, c'est la LGBTAQ+ pride a Madrid ( plus de 1million de personnes). Des participants étrangers de la Pride pourraient profiter de leur séjours en Espagne pour venir a la Elsewhere..."
139a5025-7c89-4693-ad72-74e9d3f5a9aa,2026-08-24T09:28:30Z,en,Identified,builder-barrio,build-barrio|build-event|event|org-strike,build-barrio|build-event|event|org-strike,build-barrio|build-event|event|org-strike,build-barrio|build-event|event|org-strike,build-barrio|build-event|event|org-strike,cannot,cannot,cannot,cannot,cannot,cannot,build-barrio|build-event|event|org-strike,build-barrio|build-event|event|org-strike,build-barrio|build-event|event|org-strike,cannot,cannot,"I run a barrio. I love Nowhere. The red+ risk seriously harms the event. Also, more and more people I speak to fear the extreme heat of Nowhere. I too find Nowhere is becoming too hot (and I've been coming every year since 2009). Yes, Nowhere is extreme. This is why we love it. But we need it to happen. Moving the date will cause some to miss it. But we will have an event. For those who study, July is still term-time. My vote is to move from first week or July to first week of June. Thanks for organising this."
ab37f4aa-f987-45aa-ba6a-580ea4dd59e8,2026-08-24T09:29:02Z,en,Identified,want-to-come|other-burns,event,event,event,event,event,event,cannot,cannot,cannot,cannot,cannot,event,event,cannot,cannot,cannot,Heat is my main reason for choosing these dates. And also the main reason I didn't attend this year. Has a big impact.
e55823ab-ec4d-4fae-8abd-dc6cb1ddf24b,2026-08-24T09:31:27Z,en,Identified,want-to-come|builder-barrio|other-burns,build-barrio|event,build-barrio|event,build-barrio|event,build-barrio|event,build-barrio|event,build-barrio|event,event,org-strike,cannot,cannot,cannot,cannot,cannot,event,event,event,"I would almost always come if i can to the event. 
Early september is hard as it is the 'restart' work time of the year. While something more in between like May or October feels better. 
Not very hyped by more rain at Nowhere. (which seems a must for most dates). "
661fb874-319c-4173-97aa-5ca40ccd1a94,2026-08-24T09:33:51Z,es,Identified,want-to-come|builder-org|builder-barrio,cannot,cannot,cannot,cannot,cannot,build-event,build-event,build-barrio|build-event,build-barrio|build-event|event,event,cannot,cannot,cannot,cannot,cannot,cannot,"Mantenerlo como está no coincide con otros burns, y facilita a personas que están estudiando (como yo) asistir al evento. También para personas con vacaciones solo en verano (por ejemplo profesores). "
59af6aa2-988d-4979-9830-03cc0d23cd36,2026-08-24T09:34:03Z,en,Identified,want-to-come|builder-barrio|other-burns,event,event,build-barrio|event,build-barrio|event,build-barrio|event,build-barrio|event,cannot,event,cannot,cannot,cannot,event,build-barrio|event,build-barrio|event,build-barrio|event,build-barrio|event,"I don’t have anything planned for the end of this year, let alone 2027, but I’d be thrilled if the date fell anywhere in spring or autumn!  With lower temps I might finally have the energy and the will to live during the day, and even to participate in workshops 😸 "
c4b0a5e3-105a-4e11-9a22-a44a369d2694,2026-08-24T09:37:05Z,es,Identified,want-to-come|builder-barrio|other-burns,build-barrio,build-barrio,build-barrio,cannot,build-barrio,build-barrio,cannot,build-barrio,build-barrio,cannot,build-barrio,build-barrio,build-barrio,build-barrio,build-barrio,build-barrio,
198731d4-3775-4fb8-97ca-5ba52e9391d9,2026-08-24T09:39:07Z,en,Identified,want-to-come|builder-barrio|other-burns,cannot,cannot,cannot,cannot,cannot,build-barrio|event,cannot,cannot,cannot,cannot,build-barrio|event,build-barrio|event,build-barrio|event,cannot,cannot,cannot,"Tbh I would try to make it happen at any date but I am very convinced by the data about wildfire risk you presented. I would still like to have some desert feel to the main burn (heat, sun), so (early) September sounds perfect. Anything in June collides with so many burns and other events, I feel like September is generally a calmer time. I could also imagine it prevents Burn-out a bit if not everything happens between June and August. Kiezburn and Borderland are conveniently far apart if Elsewhere isn't between these two anymore. You didn't list Burning Man, btw. Strike falls into the first September date, right?"
90f2e02b-fe30-4abf-9b83-abb5e490d730,2026-08-24T09:39:55Z,fr,Identified,want-to-come|builder-barrio|strike,build-barrio|event|org-strike,build-barrio|event|org-strike,build-barrio|event|org-strike,build-barrio|event|org-strike,build-barrio|event|org-strike,build-barrio|event|org-strike,build-barrio|event|org-strike,build-barrio|event|org-strike,cannot,cannot,build-barrio|event|org-strike,build-barrio|event|org-strike,build-barrio|event|org-strike,build-barrio|event|org-strike,build-barrio|event|org-strike,build-barrio|event|org-strike,
570616b0-4b66-4212-9347-e51a2e6844cf,2026-08-24T09:42:13Z,en,Identified,want-to-come|strike,build-event,event,org-strike,org-strike,org-strike,cannot,cannot,cannot,cannot,cannot,cannot,build-barrio,event,org-strike,org-strike,org-strike,"My selection is based on:
- the assumption that in May the wild fire risk is lower
- the temperature is more comfortable
- I would like to go to another event in the 2nd half of June"
6161bcd0-dfbe-4758-91b7-8e4705c4bdca,2026-08-24T09:43:56Z,en,Identified,want-to-come|strike|other-burns,event,event,cannot,cannot,cannot,event,event,event|org-strike,event|org-strike,event|org-strike,event,event,event,cannot,cannot,cannot,
3343eb08-7ef7-4a66-b412-7ef5e5cf9a80,2026-08-24T09:44:04Z,en,Identified,want-to-come|builder-barrio,cannot,cannot,cannot,cannot,build-barrio|build-event|event|org-strike,build-barrio|build-event|event|org-strike,build-barrio|build-event|event|org-strike,build-barrio|build-event|event|org-strike,build-barrio|build-event|event|org-strike,build-barrio|build-event|event|org-strike,cannot,cannot,cannot,cannot,cannot,cannot,
bb3d24e0-955a-407d-8350-ef13540e677e,2026-08-24T09:44:11Z,en,Identified,want-to-come|builder-barrio|other-burns,cannot,cannot,cannot,build-barrio|build-event,build-barrio|build-event|event,build-barrio|build-event|event|org-strike,org-strike,cannot,cannot,cannot,cannot,cannot,cannot,cannot,cannot,cannot,"I know the desert thing is almost a sexual fetish for some but forests and lakes would be awesome too, and Spain has a shit ton of bestiful places to not feel miserable all day long. But if it has to be, Almería has beatiful deserts, with less or none fire risk and closer to the sea the weather is not as extreme."
61078bba-c4fc-4ec8-a8f0-9443ad529b69,2026-08-24T09:45:54Z,de,Identified,builder-barrio|strike,cannot,cannot,cannot,cannot,cannot,event,cannot,cannot,cannot,cannot,event,build-barrio|org-strike,build-barrio|org-strike,event,cannot,cannot,Mai und Juni ist für mich ungünstig weil ich neben meiner erwerbsarbeit studiere und die Termine mitten in Semeseter sind. Das gleiche gilt für die Termine ab Oktober. Sowie def letzte September Termin. Die extrem Heissen Monate kommen für mich nicht in Frage das Ridikonist viel zu hoch. Die Umstände so erschwehrend das ich nicht kommen würde. Ich danke euch vielmals für diede Umfrage und das ihr das datum erstmals von der Community mitbestimmen lässt. 
fbe78704-2211-4a1a-89fc-c3c342433e9e,2026-08-24T09:46:00Z,en,Identified,want-to-come|other-burns,cannot,cannot,cannot,cannot,build-barrio|build-event,build-barrio|build-event,build-barrio|build-event|event,build-barrio|build-event|event|org-strike,build-barrio|build-event|event|org-strike,build-barrio|build-event|event|org-strike,cannot,cannot,cannot,cannot,cannot,cannot,
e4130d67-afbe-4ab7-8e2a-edbf9e66525a,2026-08-24T09:47:54Z,en,Anonymous,builder-barrio,cannot,cannot,cannot,build-barrio,build-barrio|event,event,cannot,cannot,cannot,cannot,event,event,event,event,event,event,
01e620e4-3ed3-4345-a634-d106baf53ae0,2026-08-24T09:50:53Z,en,Identified,want-to-come|builder-org|other-burns,build-event,build-event|event,build-event|event,build-event|event,event,cannot,cannot,cannot,build-event,build-event|event,cannot,cannot,cannot,cannot,cannot,cannot,"June and September are particularly busy periods at work, making it difficult to take time off during those months.
If the event takes place in July, I will attend as I'm available and I enjoy Elsewhere far too much to miss it! However, considering different factors shared, I believe it would be wiser and more appropriate to avoid this month."
9d844f67-fcb9-4720-ae78-575990b9df50,2026-08-24T09:53:27Z,es,Identified,want-to-come|builder-barrio|other-burns,build-barrio|event,build-barrio|event,build-barrio|event,build-barrio|event,build-barrio|event,build-barrio|event,cannot,cannot,cannot,cannot,build-barrio|event,build-barrio|event,build-barrio|event,build-barrio|event,build-barrio|event,build-barrio|event,
b63d7879-c188-46d0-9764-233c058ebabb,2026-08-24T09:55:04Z,en,Anonymous,want-to-come|other-burns,cannot,cannot,cannot,cannot,cannot,cannot,cannot,cannot,cannot,cannot,cannot,cannot,cannot,event,build-event|event,build-event|event,"Summer is full of burns and other activities. I've been missing a burn later in the fall, in October or November. It would be amazing to have a burn to lit up the darkening fall, hopefully we could make it! "
7ada1bf3-b034-4ceb-9413-b653c9ca93d5,2026-08-24T09:55:11Z,en,Identified,want-to-come|builder-barrio|other-burns,build-barrio|event,build-barrio|event,build-barrio|event,build-barrio|event,build-barrio|event,build-barrio|event,build-barrio|event,build-barrio|event,build-barrio|event,build-barrio|event,cannot,build-barrio|event,build-barrio|event,build-barrio|event,cannot,cannot,
fa3da199-8728-47c5-9cf3-47ee14b50314,2026-08-24T09:55:33Z,en,Anonymous,want-to-come|builder-barrio,cannot,cannot,cannot,cannot,cannot,build-barrio|event|org-strike,build-barrio|event|org-strike,build-barrio|event|org-strike,build-barrio|event|org-strike,build-barrio|event|org-strike,cannot,cannot,cannot,cannot,cannot,cannot,
1ed7ffc2-4791-49c5-8c17-d65ad2f44cac,2026-08-24T09:55:33Z,en,Anonymous,want-to-come|other-burns,event,event,event,event,event,cannot,cannot,cannot,cannot,cannot,cannot,event,event,event,event,event,N/aa
a24b79ca-9c03-46c5-837c-05cde4533134,2026-08-24T09:55:38Z,fr,Anonymous,want-to-come|builder-barrio|other-burns,build-barrio|event,cannot,build-barrio|event,build-barrio|event,build-barrio|event,build-barrio|event,build-barrio|event,cannot,cannot,build-barrio|event,build-barrio|event,build-barrio|event,build-barrio|event,build-barrio|event,build-barrio|event,build-barrio|event,
2a3146fb-f2c6-42e7-ae70-b671858d7d70,2026-08-24T09:57:03Z,en,Identified,want-to-come|builder-barrio,build-barrio|event,build-barrio|event,build-barrio|event,build-barrio|event,build-barrio|event,build-barrio|event,build-barrio|event,build-barrio|event,cannot,cannot,build-barrio|event,build-barrio|event,build-barrio|event,build-barrio|event,build-barrio|event,build-barrio|event,"I will come anyway, no matter the date, but I would love if it was in a less risky date"
ad4ecb36-1eed-4948-ad64-1ead73027d5a,2026-08-24T10:00:38Z,de,Identified,want-to-come|builder-barrio,cannot,cannot,cannot,cannot,cannot,cannot,cannot,cannot,cannot,build-barrio|event,cannot,cannot,cannot,cannot,cannot,cannot,I'm a teacher and therefore I work during almost all the time periods.
f81f6cd8-6969-4561-9174-87996a8677e2,2026-08-24T10:04:03Z,en,Anonymous,want-to-come|builder-barrio|other-burns,cannot,cannot,cannot,cannot,event,event,event,event,cannot,cannot,event,cannot,cannot,cannot,cannot,cannot,"It seems more logical to move the event to the optimal heat/rain conditions than to rely on the responses of the few people who will actually take this survey.  I would also like to help the board reflect that some decisions appear crowdsourced, while other important ones are made unilaterally. "
ed8ab2c2-a728-4a7a-a539-8a663b005aa4,2026-08-24T10:05:48Z,en,Identified,builder-org|builder-barrio,cannot,cannot,cannot,cannot,cannot,cannot,cannot,build-barrio|build-event|event,build-barrio|build-event|event,build-barrio|build-event|event,build-barrio|build-event|event,cannot,cannot,cannot,cannot,cannot,Based on school calendar and personal/professional calendar
65d529fd-249e-458b-bdee-fe66b7eea06a,2026-08-24T10:07:07Z,fr,Anonymous,want-to-come|builder-org,cannot,cannot,cannot,cannot,cannot,cannot,cannot,cannot,cannot,build-event|event,cannot,cannot,cannot,cannot,cannot,cannot,Please let's consider that we have a bunch of people with kids and schools engagement... Getting a chunk of time outside of this period is not very realistic...
7d10fcab-8006-4dbf-9f8c-d659df5a24bd,2026-08-24T10:09:59Z,en,Anonymous,builder-barrio|other-burns,build-barrio|event,build-barrio|event,build-barrio|event,cannot,cannot,cannot,cannot,cannot,cannot,cannot,cannot,cannot,build-barrio|event,build-barrio|event,build-barrio|event,build-barrio|event,
6ab8225c-c420-439b-a94c-068da017f866,2026-08-24T10:10:51Z,it,Identified,want-to-come,cannot,cannot,cannot,cannot,build-barrio|build-event|event,event,event,event,event,event,event,event,cannot,cannot,cannot,cannot,
32fdfd71-04f7-45d7-a2ed-9ca2da854be2,2026-08-24T10:11:49Z,en,Anonymous,want-to-come|builder-org|builder-barrio,cannot,cannot,cannot,cannot,cannot,cannot,cannot,cannot,cannot,cannot,build-barrio|build-event,build-barrio|build-event|event,build-barrio|build-event|event|org-strike,build-barrio|build-event|event|org-strike,event|org-strike,org-strike,
d77dd6f8-dcaf-4054-a308-28e69de468fc,2026-08-24T10:15:39Z,en,Identified,builder-barrio,build-barrio|event,build-barrio|event,build-barrio|event,build-barrio|event,build-barrio|event,build-barrio|event,build-barrio|event,build-barrio|event,build-barrio|event,build-barrio|event,build-barrio|event,build-barrio|event,build-barrio|event,build-barrio|event,build-barrio|event,build-barrio|event,
b8a24c3e-768f-4d49-b489-93b57eb14434,2026-08-24T10:17:31Z,en,Identified,want-to-come|builder-org|other-burns,build-event|event,build-event|event,build-event|event,build-event|event,event,event,event,cannot,cannot,cannot,cannot,cannot,cannot,cannot,cannot,cannot,
bb472740-6c1c-47f9-a8f0-f975db5a0ec3,2026-08-24T10:18:01Z,en,Identified,want-to-come,event,event,event,event,event,event,event,event,cannot,cannot,cannot,cannot,cannot,cannot,event,event,"July is conflicting date for those with tomorrowland and borderland festival... Those who don't live a full burning lifestyle going from burn to burn always have to make a choice between all the options...

Moving before or after the peak of summmer is a really good option, for the weather and the collapsing events..."
af4da584-f3f3-4a6e-a2d6-53144371e4e3,2026-08-24T10:18:37Z,de,Anonymous,want-to-come|other-burns,cannot,cannot,cannot,cannot,cannot,cannot,cannot,cannot,cannot,cannot,cannot,event,event,event,event,event,
67cfdc95-e398-4b6b-a79c-162cf0a80912,2026-08-24T10:18:56Z,en,Identified,want-to-come|builder-barrio,build-barrio|build-event|event|org-strike,build-barrio|build-event|event|org-strike,build-barrio|build-event|event|org-strike,build-barrio|build-event|event|org-strike,build-barrio|build-event|event|org-strike,build-barrio|event|org-strike,event|org-strike,event,event,event,build-barrio|event,build-barrio|event|org-strike,build-barrio|event|org-strike,build-barrio|event|org-strike,build-barrio|event|org-strike,build-barrio|event|org-strike,"I would rather see hippies dancing in the rain for a day each year, than suffering from extreme heat all week or risk an event cancellation altogether."
5025f1a8-7942-407e-b85e-818fef2ab1df,2026-08-24T10:20:44Z,en,Identified,want-to-come|builder-barrio|strike|other-burns,cannot,build-barrio|event|org-strike,build-barrio|event|org-strike,build-barrio|event|org-strike,build-barrio|event|org-strike,build-barrio|event|org-strike,build-barrio|event|org-strike,cannot,build-barrio|event|org-strike,build-barrio|event|org-strike,cannot,cannot,cannot,build-barrio|event|org-strike,build-barrio|event|org-strike,build-barrio|event|org-strike,Moving Elsewhere to August or September seems very agreable to me.
1a988a21-9cf4-49be-9d04-b47013f8fb6a,2026-08-24T10:28:38Z,fr,Identified,want-to-come|builder-barrio,cannot,cannot,cannot,cannot,cannot,event,event,event,event,event,cannot|event,cannot|event,cannot|event,cannot|event,cannot|event,cannot|event,
3b07615c-3f6c-40f1-a38d-a6c6d8a18a80,2026-08-24T10:29:04Z,es,Identified,want-to-come|builder-barrio,cannot,cannot,cannot,cannot,cannot,cannot,cannot,cannot,cannot,cannot,cannot,cannot,build-event,build-event|event,build-event|event,event,
5fed0626-94a2-4ca2-bbbb-7b0b6e528a34,2026-08-24T10:33:55Z,en,Identified,want-to-come|builder-barrio,build-barrio|build-event|event|org-strike,build-barrio|build-event|event|org-strike,build-barrio|build-event|event|org-strike,build-barrio|build-event|event|org-strike,build-barrio|build-event|event|org-strike,build-barrio|build-event|event|org-strike,cannot,build-barrio|event|org-strike,event,event,build-barrio|build-event|event|org-strike,build-barrio|build-event|event|org-strike,build-barrio|build-event|event|org-strike,build-barrio|build-event|event|org-strike,build-barrio|build-event|event|org-strike,build-barrio|build-event|event|org-strike,
ff2d1bca-9dc0-4fd4-ab43-1ddfba7685e0,2026-08-24T10:38:53Z,en,Identified,want-to-come|builder-barrio,build-barrio|event,build-barrio|event,build-barrio|event,build-barrio|event,build-barrio|event,event,cannot,cannot,cannot,event,event,build-barrio|event,build-barrio|event,build-barrio|event,build-barrio|event,build-barrio|event,
83de2c4a-98b5-4c81-9259-8271fa545b11,2026-08-24T10:51:48Z,en,Identified,want-to-come|builder-barrio|other-burns,cannot,cannot,cannot,cannot,build-barrio,event,cannot,cannot,cannot,event,build-barrio,event,event,event,event,event,
c20c3284-24f0-4f2d-93c0-ec83b258669f,2026-08-24T10:52:51Z,en,Identified,want-to-come|builder-barrio,cannot,cannot,cannot,build-barrio|build-event|event,build-barrio|build-event|event,build-barrio|build-event|event,build-barrio|build-event|event,build-barrio|build-event|cannot|event,build-barrio|build-event|event,build-barrio|build-event|event,build-barrio|build-event|event,build-barrio|build-event|event,build-barrio|build-event|event,build-barrio|build-event|event,cannot,cannot,
4828a403-2529-41bf-950f-e205ba0f01af,2026-08-24T10:53:10Z,es,Identified,want-to-come,cannot,cannot,cannot,cannot,event,event,event,event,event,event,event,cannot,cannot,cannot,cannot,cannot,
76c5b4ba-d351-413f-a230-39205f52ad2f,2026-08-24T11:05:34Z,en,Identified,want-to-come|other-burns,event,event,build-barrio|event,event,cannot,cannot,build-barrio|event|org-strike,build-barrio|build-event|event|org-strike,build-barrio|build-event|event|org-strike,build-barrio|build-event|event|org-strike,cannot,cannot,cannot,event,event,event,It would be nice to include further dates in october (25-31st) and earlier dates in the spring (March 22-28). These tend to be school holidays and would work for some educators. 
64622621-e136-4738-899a-5226f8c33730,2026-08-24T11:18:36Z,fr,Identified,want-to-come|builder-barrio|strike,cannot,cannot,cannot,cannot,cannot,build-barrio|event|org-strike,build-barrio|event|org-strike,build-barrio|event|org-strike,cannot,cannot,build-barrio|event|org-strike,build-barrio|event|org-strike,build-barrio|event|org-strike,cannot,cannot,cannot,
f3da1ef8-cbe5-42ce-87ef-f68b53132ef3,2026-08-24T11:19:28Z,de,Anonymous,want-to-come|builder-org|builder-barrio|other-burns,cannot,cannot,cannot,cannot,cannot,cannot,cannot,cannot,cannot,cannot,build-event|event|org-strike,build-event|event|org-strike,build-event|event|org-strike,build-event|event|org-strike,build-event|event|org-strike,build-event|event,
71ed9560-5247-447f-bb7e-311e7fb767b6,2026-08-24T11:25:37Z,ca,Anonymous,want-to-come|other-burns,cannot,cannot,cannot,cannot,event,event,cannot,cannot,cannot,cannot,event,event,cannot,cannot,cannot,cannot,
bad7e2cf-0220-4fb5-9bdb-9cf9ab33ba22,2026-08-24T11:31:56Z,en,Identified,builder-barrio,build-barrio|build-event|event,build-barrio|build-event|event,build-barrio|build-event|event,build-barrio|build-event|event,build-barrio|build-event|event,build-barrio|build-event|event|org-strike,org-strike,org-strike,cannot,cannot,cannot,cannot,cannot,build-barrio|build-event,build-barrio|build-event|event,event|org-strike,
1739b906-993c-4fff-a20a-e00135dcd887,2026-08-24T11:37:42Z,fr,Anonymous,want-to-come,cannot,cannot,cannot,cannot,cannot,cannot,cannot,cannot,cannot,event,cannot,cannot,cannot,cannot,cannot,cannot,
0acedb91-6351-4517-8466-dba7da8dbc35,2026-08-24T11:44:16Z,en,Anonymous,want-to-come,cannot,cannot,cannot,cannot,cannot,cannot,cannot,cannot,cannot,cannot,cannot,cannot,cannot,build-barrio|build-event|event|org-strike,build-barrio|build-event|event|org-strike,build-barrio|build-event|event|org-strike,
fe698b42-2e66-4ce0-a9e3-d45a4ab50adc,2026-08-24T11:47:19Z,en,Anonymous,want-to-come|builder-barrio|strike|other-burns,build-barrio|build-event|event|org-strike,build-barrio|build-event|event|org-strike,build-barrio|build-event|event|org-strike,build-barrio|build-event|event|org-strike,build-barrio|build-event|event|org-strike,cannot,cannot,cannot,cannot,cannot,build-barrio|build-event|event|org-strike,build-barrio|build-event|event|org-strike,build-barrio|build-event|event|org-strike,build-barrio|build-event|event|org-strike,build-barrio|build-event|event|org-strike,build-barrio|build-event|event|org-strike,
63ee269c-a048-479b-b322-a4e6c60f2e92,2026-08-24T11:50:00Z,en,Identified,want-to-come,event,event,event,event,event,event,cannot,cannot,cannot,cannot,event,event,event,event,cannot,cannot,
181f5479-11d6-471b-9341-bbd8c4b913ec,2026-08-24T11:50:08Z,en,Anonymous,builder-barrio,build-barrio|event,build-barrio|event,build-barrio|event,build-barrio|event,build-barrio|event,cannot,cannot,cannot,cannot,cannot,cannot,build-barrio|event,build-barrio|event,build-barrio|event,build-barrio|event,build-barrio|event,
a2868bdd-ab77-4ef4-8900-eb974dfcfd24,2026-08-24T12:00:17Z,en,Identified,want-to-come|builder-barrio|other-burns,build-barrio|event|org-strike,build-barrio|event|org-strike,cannot,cannot,cannot,cannot,build-barrio|event,build-barrio|event,build-barrio|event,build-barrio|event,build-barrio|event|org-strike,build-barrio|event|org-strike,build-barrio|event|org-strike,build-barrio|event|org-strike,build-barrio|event|org-strike,build-barrio|event|org-strike,I have not selected the late June/july dates (red level risk) because we are voting for something different. I work at a festival end of May which takes up weeks of my time so personally I would love any of the September dates. October seems like it would be a bit chilly.
a8e36785-a16d-4556-8a54-8e35e9ad33d5,2026-08-24T12:07:33Z,en,CompletionTracked,other-burns,event,event|org-strike,event|org-strike,event|org-strike,event|org-strike,event|org-strike,org-strike,cannot,cannot,cannot,cannot,cannot,cannot,cannot,cannot,cannot,
b0f37306-a6b3-404c-a533-2d2e1b24f555,2026-08-24T12:14:04Z,fr,Anonymous,want-to-come,cannot,cannot,cannot,cannot,cannot,cannot,cannot,cannot,cannot,event,cannot,cannot,cannot,cannot,cannot,cannot,Je suis prof. Je peux uniquement pendant les vacances scolaires 
250a6233-bc53-4019-8eaf-a9c61493a6db,2026-08-24T12:16:14Z,fr,Anonymous,want-to-come|builder-barrio,cannot,cannot,cannot,cannot,cannot,cannot,cannot,cannot,cannot,build-barrio|event|org-strike,cannot,cannot,cannot,cannot,cannot,cannot,"Je suis professeur des écoles en France, je ne choisis pas les vacances. Malheureusement presque aucune des dates proposées ne peut coïncider avec mon agenda.  
Un elsewhere qui commencerait à la mi avril ou à la fin d'octobre me permettrait de venir. "
f7d2fd5e-f174-4d43-b383-779825cb0de1,2026-08-24T12:22:41Z,en,Identified,want-to-come|builder-barrio,cannot,build-barrio|event,build-barrio|event,build-barrio|event,build-barrio|event,cannot,build-barrio|event,build-barrio|event,cannot,cannot,build-barrio|event,cannot,cannot,cannot,cannot,cannot,
a14cdb1a-62ed-49b8-9967-a40458ca3c36,2026-08-24T12:28:33Z,en,Anonymous,other-burns,cannot,cannot,cannot,cannot,cannot,event,event,cannot,cannot,cannot,cannot,cannot,event,cannot,cannot,cannot,Portuguese burn is second half on May. Also this is the most impractical poll ever! 
4f7e6403-c282-4132-823b-36dc6da371c4,2026-08-24T12:30:28Z,fr,Anonymous,want-to-come,event,event,event,event,event,event,cannot,cannot,cannot,cannot,cannot,cannot,cannot,event,event,event,
e2045248-7c2f-4ffb-8cfe-e1fce1c07c57,2026-08-24T12:30:30Z,en,Anonymous,want-to-come|other-burns,cannot,cannot,cannot,cannot,cannot,cannot,cannot,cannot,cannot,cannot,build-barrio|build-event|event|org-strike,build-barrio|build-event|event|org-strike,build-barrio|build-event|event|org-strike,build-barrio|build-event|event|org-strike,build-barrio|build-event|event|org-strike,cannot,"I would love to finally make it to Elsewhere (former Nowhere). Since I'm participating in other European burns like Borderland and Kiezburn it will be difficult for me to include another bigger event during the summer months.
I want us to be able to have a bonfire/burn when holding a burn-event and therefore I'd rather consider coming when there is no fire ban. Another reason for not coming to Elsewhere/Nowhere is the extreme temperatures. I have heard from friends who are regular Nowhere burners that for the past two years the temperatures at Nowhere have barely been bearable. To be honest, I'm not keen on temperatures beyond 40 degrees Celsius in Spain. I'd LOVE to come to Elsewhere in 2027 in case it's taking place in September. :)"
c1303ae8-a8cf-4330-9a83-2158fad59420,2026-08-24T12:33:56Z,es,Identified,builder-barrio|strike,build-barrio|event,build-barrio|event|org-strike,build-barrio|event,event,cannot,build-barrio|build-event|event|org-strike,build-barrio|build-event|event|org-strike,build-barrio|build-event|event|org-strike,cannot,event,build-barrio|build-event|event|org-strike,build-barrio|event|org-strike,build-barrio|event|org-strike,build-barrio|event|org-strike,build-barrio|build-event|event|org-strike,build-barrio|event|org-strike,He elegido las fechas según la posibilidad de cogerme más o menos vacaciones en el trabajo. Intentando cuadrar los máximos días para poder ir antes/después al montaje o strike.
e21be34f-b515-4234-b683-a82757483c3c,2026-08-24T12:49:31Z,fr,Identified,want-to-come|builder-barrio|other-burns,build-barrio|event,build-barrio|event,build-barrio|event,build-barrio|event,build-barrio|event,build-barrio|event,build-barrio|event,build-barrio|event,build-barrio|event,build-barrio|event,build-barrio|event,cannot,build-barrio,build-barrio|event,build-barrio|event,build-barrio|event,
35cdbf2f-0fb0-475f-aeab-b09de134fae3,2026-08-24T12:57:16Z,en,Identified,want-to-come|other-burns,event,event,event,event,event,cannot,cannot,cannot,cannot,cannot,cannot,cannot,event,event,event,event,2026 was my first Elsewhere. It was so hot I wasn't planning on coming again. Changing to a date in a much milder time of year will make a huge difference for me to consider returning.
441e953c-6b3d-4400-a3e4-7f1601ba1b18,2026-08-24T13:16:30Z,en,Identified,want-to-come|builder-barrio|strike,cannot,cannot,cannot,cannot,build-barrio|event|org-strike,build-barrio|event|org-strike,build-barrio|event|org-strike,cannot,cannot,cannot,cannot,cannot,cannot,cannot,cannot,cannot,this year was too hot. i wouldn't mind cool evenings
0b26be6a-586d-4c54-a7d8-b7d84c3f6e53,2026-08-24T13:20:50Z,fr,Identified,want-to-come|builder-org|builder-barrio|strike,event,event,event,event,event,event|org-strike,build-barrio|event|org-strike,build-barrio|event|org-strike,build-barrio|build-event|event|org-strike,build-barrio|build-event|event|org-strike,build-barrio|event|org-strike,event,event,event,event,event,"I think elsewhere should stay as it is now. We like it because it's hot. Practicing survival in climate change. Solidarité. Light clothes. I'm ready to commit everything it needs for it to exist in harder future times: solar ovens, digging into the ground for earth fridges and cold water storage, fire prevention mecanisms...

Holding solidarity with the birds seems important to me and september is too cold."
4accef2f-5385-463c-a12d-3ff579685a56,2026-08-24T13:23:29Z,es,Anonymous,want-to-come,cannot,cannot,cannot,build-barrio|build-event,build-barrio|build-event|event,event|org-strike,org-strike,cannot,cannot,cannot,build-barrio|build-event,event,org-strike,cannot,cannot,cannot,
92c15636-c718-41b7-a741-0f2cfbd5eac3,2026-08-24T13:34:54Z,en,Identified,want-to-come|builder-barrio|other-burns,build-barrio|event,cannot,cannot,build-barrio|event,build-barrio|event,cannot,build-barrio|event,cannot,cannot,build-barrio|event,build-barrio|event,cannot,cannot,build-barrio|event,build-barrio|event,cannot,"I would personally like to see the date moved to earlier in the year like in May to have a ""beginning of the burn season"" feel and maybe shift the workload of more dedicated contributors forward, so they're less likely to be coordinating contributions for 2+ burns simultaneously."
1ae2e377-2db9-4a7e-acfd-d75575953c4d,2026-08-24T13:38:29Z,en,Identified,want-to-come|builder-barrio,cannot,cannot,cannot,build-barrio,build-barrio|event,build-barrio|event,build-barrio|event,event,cannot,cannot,build-barrio,event,cannot,cannot,cannot,cannot,
d926e275-fc96-4f1e-b516-8997256a435a,2026-08-24T13:41:59Z,en,Identified,want-to-come,event,event,event,event,event,event,event,cannot,cannot,cannot,cannot,cannot,cannot,cannot,cannot,cannot,
35619882-ade3-4c4b-a95d-2d6ec69d9eb4,2026-08-24T13:45:00Z,en,Identified,builder-barrio,cannot,cannot,cannot,cannot,cannot,cannot,cannot,build-barrio|event,build-barrio|event,build-barrio|event,cannot,cannot,cannot,cannot,cannot,cannot,
02fc57c3-28bf-45c0-8e33-b130e44916bc,2026-08-24T13:46:27Z,es,Identified,want-to-come|builder-barrio,cannot,cannot,cannot,cannot,build-barrio|build-event|event|org-strike,build-barrio|build-event|event|org-strike,build-barrio|build-event|event|org-strike,build-barrio|build-event|event|org-strike,build-barrio|build-event|event|org-strike,build-barrio|build-event|event|org-strike,cannot,cannot,cannot,cannot,cannot,cannot,Gracias!
6e2647b3-18dc-4961-898e-2e86a68cd0c1,2026-08-24T13:53:00Z,en,Anonymous,want-to-come|builder-org|builder-barrio|strike,build-barrio|build-event|event|org-strike,build-barrio|build-event|event|org-strike,build-barrio|build-event|event|org-strike,build-barrio|build-event|event|org-strike,build-barrio|build-event|event|org-strike,build-barrio|build-event|event|org-strike,build-barrio|build-event|event,cannot,cannot,cannot,build-barrio|build-event|org-strike,build-barrio|build-event|event|org-strike,build-barrio|build-event|event|org-strike,build-barrio|build-event|event|org-strike,build-barrio|build-event|event|org-strike,build-barrio|build-event|event|org-strike,
78be4f79-69c4-46b7-93e6-0bcb3bfcd0fa,2026-08-24T13:53:11Z,en,Identified,want-to-come|builder-barrio|other-burns,event,cannot,cannot,cannot,cannot,cannot,cannot,cannot,cannot,event,cannot,cannot,event,event,event,event,
c4585329-37b0-4bf5-8097-d04775c91595,2026-08-24T13:56:46Z,en,Identified,want-to-come|builder-org|other-burns,build-barrio|build-event|cannot|org-strike,build-barrio|build-event|cannot|org-strike,event,event,event,event,cannot,cannot,cannot,cannot,cannot,event,event,event,build-barrio|build-event|cannot|org-strike,build-barrio|build-event|cannot|org-strike,you're the best
7a328cde-a9f0-4beb-b913-c5eef1bcc4a5,2026-08-24T13:59:58Z,en,Identified,want-to-come|builder-barrio|other-burns,cannot,event,build-barrio|build-event|event|org-strike,build-barrio|build-event|event|org-strike,build-barrio|build-event|event|org-strike,build-barrio|build-event|event|org-strike,build-barrio|build-event|event|org-strike,build-barrio|event,event,event,cannot,cannot,event,build-barrio|build-event|event|org-strike,build-barrio|build-event|event|org-strike,build-barrio|build-event|event|org-strike,"Greek burn is early to mid September. 
Other dates than hot-as-fuck super welcome. "
5afdb49c-0273-4749-8853-0a9020bc6ff6,2026-08-24T14:05:23Z,en,Identified,want-to-come|builder-barrio|other-burns,cannot,cannot,cannot,cannot,cannot,cannot,cannot,cannot,cannot,cannot,build-barrio|event,cannot,cannot,build-barrio|event,build-barrio|event,cannot,
e0cf22cc-b452-44f3-be7b-b547513d2356,2026-08-24T14:12:19Z,en,Identified,want-to-come|builder-barrio|other-burns,build-barrio|event,build-barrio|event,build-barrio|event,build-barrio|event,build-barrio|event,build-barrio|event,cannot,cannot,cannot,cannot,build-barrio|event,build-barrio|event,build-barrio|event,build-barrio|event,build-barrio|event,build-barrio|event,
710a8424-3566-4e80-8ffe-cf50ba02ecc3,2026-08-24T14:12:53Z,ca,Identified,want-to-come,cannot,cannot,cannot,cannot,build-barrio|event,build-barrio|event,cannot,cannot,cannot,cannot,cannot,build-barrio|event,build-barrio|event,build-barrio|event,event,cannot,"Principalment per la calor i el risc d'incendi. Crec que es podrà gaudir molt més de l'Elsewhere si ho fem en un altre moment que no sigui tant límit, tant per l'espai com per les persones. Moltes gràcies per proposar canvi de dates, crec que és rellevant fer-ho. "
ef0601fa-2a4b-4ce0-9530-8a44ddd88dbf,2026-08-24T14:14:47Z,es,Identified,want-to-come|other-burns,cannot,event,event,cannot,cannot,event,cannot,cannot,cannot,cannot,cannot,event,event,event,event,event,"Dentro de que hay muchos factores que son importantes, a uno de los que más valores le doy es el tema del calor. Teniendo en cuenta el resto de información que vosotros sabéis mejor que nadie, escogería una fecha fuera de finales de junio hasta principios de septiembre por el tema del calor. Gracias"
2c77f81c-f3be-410b-8723-37dc790e2d83,2026-08-24T14:15:58Z,es,Identified,want-to-come,event,event,event,event,event,cannot,cannot,cannot,cannot,cannot,cannot,event,event,event,event,event,
db000a8b-a37d-4b69-8ab2-5585bd274244,2026-08-24T14:17:19Z,en,Identified,want-to-come|builder-barrio,cannot,cannot,cannot,cannot,build-barrio|event,event,cannot,cannot,cannot,build-barrio,event,cannot,cannot,cannot,cannot,cannot,I selected dates that don´t clash with the extreme heat. This was a factor that would make me not come anymore to Nowhere. It was my 5th Nowhere/Elsewhere but this year I suffered too much from the heat. Also I like to go to Whole Festival and Fusion Festival so I´m looking for dates  that have minimum 2 weeks distance from them 
62b240c0-5270-4d1c-a777-5553d994f8db,2026-08-24T14:22:26Z,en,Identified,want-to-come|builder-barrio|strike|other-burns,cannot,build-barrio|event,build-barrio|build-event|event,build-barrio|build-event|event,build-barrio|build-event|event,build-barrio|event,cannot,build-barrio|event,cannot,cannot,build-barrio|event,build-barrio|build-event|event,build-barrio|build-event|event,build-barrio|build-event|event,build-barrio|build-event|event,cannot,"I don't think the cold is an issue, burning man Navada is good as it's cold at night to offset the days heat. You wear your fake fur, it's sexy. 
Rain is a bigger issue than cold, so prefer post July dates not before July. "
1f903afd-89bd-4f12-ab9f-2aee3d9ad45a,2026-08-24T14:22:33Z,en,Identified,want-to-come|strike,event|org-strike,event|org-strike,cannot,cannot,cannot,cannot,cannot,event|org-strike,event|org-strike,event|org-strike,cannot,cannot,cannot,cannot,event|org-strike,event|org-strike,
d0216966-cb0e-4c28-b821-73c73bee7f3d,2026-08-24T14:24:39Z,fr,Identified,want-to-come|strike|other-burns,cannot,cannot,cannot,cannot,event|org-strike,event|org-strike,event|org-strike,cannot,cannot,cannot,cannot,cannot,cannot,cannot,cannot,cannot,
84b56cf6-0cbe-42bb-a98f-96d75c75966c,2026-08-24T14:42:07Z,en,Identified,want-to-come|builder-barrio|strike,cannot,cannot,cannot,cannot,cannot,cannot,cannot,cannot,cannot,build-barrio|event|org-strike,cannot,cannot,cannot,cannot,cannot,cannot,I'm a teacher so only available from 1-7 to 31-8
7334d061-72c6-43e9-8307-d0a6f5b95992,2026-08-24T14:48:47Z,en,Identified,want-to-come,event,event,event,event,event,event,cannot,cannot,cannot,cannot,cannot,event,event,event,event,event,
510dc73e-c435-41ae-ad2f-82ec5b387ebc,2026-08-24T14:56:41Z,en,Identified,want-to-come|builder-org|builder-barrio,cannot,cannot,cannot,build-barrio|build-event|event,build-barrio|build-event|event,build-barrio|build-event|event,build-barrio|build-event|event,cannot,cannot,cannot,cannot,build-barrio|build-event|event,build-barrio|build-event|event,cannot,cannot,cannot,El evento al principio del verano seria maravilloso
4b8dcbdc-3f9f-4780-8b16-210d340d479d,2026-08-24T15:19:46Z,fr,CompletionTracked,builder-barrio|other-burns,cannot,cannot,cannot,cannot,cannot,cannot,cannot,cannot,build-barrio,build-barrio,cannot,cannot,cannot,cannot,cannot,cannot,
44f9181f-f6ad-4a68-9674-60d6f4eb769f,2026-08-24T15:30:32Z,en,Identified,want-to-come|builder-barrio|other-burns,cannot,cannot,cannot,cannot,build-barrio|event|org-strike,build-barrio|event|org-strike,build-barrio|event|org-strike,build-barrio|event|org-strike,build-barrio|event|org-strike,build-barrio|event|org-strike,build-barrio|event|org-strike,build-barrio|event|org-strike,build-barrio|event|org-strike,cannot,cannot,cannot,"For me it’s not a matter of could come or not - whatever it ends up being I will make sure I’m able to be there. 

Laye June or any week in September gets my votes! "
4d1775f3-b69f-4660-a19e-41362a35c60b,2026-08-24T15:39:32Z,de,Identified,want-to-come|builder-barrio|other-burns,cannot,cannot,cannot,cannot,build-barrio|event,build-barrio|event,build-barrio|event,build-barrio|event,build-barrio|event,build-barrio|event,cannot,cannot,cannot,cannot,cannot,cannot,
5d0f121a-9943-4a2c-b2b8-b2b4eb2a78b7,2026-08-24T15:49:50Z,en,Identified,want-to-come|builder-org|builder-barrio|strike|other-burns,build-barrio|build-event|event|org-strike,build-barrio|build-event|event|org-strike,build-event|event,cannot,build-barrio|event|org-strike,build-barrio|build-event|event|org-strike,build-barrio|build-event|event|org-strike,build-barrio|build-event|event|org-strike,build-event|event,build-event|event,build-event|event,cannot,cannot,cannot,cannot,cannot,
d0d884f6-f03c-4d51-916b-d89b533509cc,2026-08-24T15:52:56Z,en,Anonymous,want-to-come|other-burns,cannot,cannot,cannot,cannot,cannot,cannot,cannot,cannot,cannot,cannot,cannot,cannot,cannot,build-barrio|build-event|event|org-strike,build-barrio|build-event|event|org-strike,build-barrio|build-event|event|org-strike,
60628604-df68-4e0a-a90b-9f6b8a2431b3,2026-08-24T15:54:51Z,en,Identified,want-to-come|builder-barrio|other-burns,cannot,cannot,cannot,cannot,event,build-barrio|build-event|event|org-strike,build-barrio|build-event|event|org-strike,event,event,build-barrio|event,cannot,cannot,cannot,cannot,build-barrio|build-event|event,build-barrio|build-event|event,"I love the heat and feel like it should remain a summer burn. Earlier in the summer is better than later, because in September most people are tired after a summer of travelling and other burns / festivals, and it would feel like there would be less energy / excitement leading up to the event. "
7620ca95-c2cb-42da-b823-96b4ce80ba12,2026-08-24T15:55:34Z,en,Identified,want-to-come|builder-barrio|strike,cannot,cannot,cannot,cannot,cannot,cannot,cannot,build-barrio|event|org-strike,build-barrio|event|org-strike,build-barrio|event|org-strike,cannot,cannot,cannot,cannot,build-barrio|event|org-strike,build-barrio|event|org-strike,"Answered the survey but actually no real idea of what will happen (for me) in 2027. Anyway, many thanks to everyone involved, whoever came or will. "
1ad36ff8-ca10-4159-8f80-ed71909bc305,2026-08-24T16:07:35Z,en,Identified,want-to-come,event,event,cannot,event,cannot,cannot,cannot,cannot,cannot,cannot,cannot,cannot,cannot,cannot,cannot,cannot,
5b30539f-da81-4446-93f6-bf6d90fc1b9b,2026-08-24T16:08:18Z,en,Identified,want-to-come|builder-barrio|other-burns,build-barrio|build-event|event|org-strike,build-barrio|build-event|event|org-strike,build-barrio|build-event|event,cannot,cannot,build-barrio|event|org-strike,build-barrio|event|org-strike,build-barrio|event,build-barrio|event,event,cannot,build-barrio|build-event|event|org-strike,build-barrio|build-event|event|org-strike,build-barrio|build-event|event|org-strike,build-barrio|build-event|event,build-barrio|event,
0b79aad4-05d9-4c8d-8741-d9acf56a1a18,2026-08-24T16:16:09Z,fr,Identified,want-to-come|builder-org|strike,build-event|event,event,event,event,event,event,event,event,cannot,cannot,event,event,event,event,event,event,
51b8cf2b-e408-406f-a071-43947b7f2f9a,2026-08-24T16:20:11Z,en,Identified,want-to-come|builder-barrio|strike,cannot,cannot,cannot,cannot,event,event,build-barrio|event|org-strike,build-barrio|event|org-strike,build-barrio|event|org-strike,build-barrio|event|org-strike,cannot,event,build-barrio|event,cannot,cannot,cannot,"I'm torn  if I should select any of the May or October options, I would probably come, but it's cold for me so I'm not 100% sure."
5ddf9915-aa1c-4f9e-ab4c-89da0e0bd7f5,2026-08-24T16:31:52Z,en,Identified,want-to-come|builder-barrio|other-burns,build-barrio|event,build-barrio|build-event|event,event,event,build-barrio|event,build-barrio|event,event,cannot,cannot,cannot,build-barrio|event,build-barrio|event,build-barrio|event,build-barrio|event|org-strike,build-barrio|event|org-strike,build-barrio|event|org-strike,
9e5288ff-c917-42f5-82c7-1910a129519a,2026-08-24T16:35:51Z,de,Anonymous,want-to-come,cannot,cannot,cannot,cannot,cannot,event,event,event,cannot,cannot,event,cannot,event,event,event,event,
a9b3bbc9-6460-4de4-8bc1-b1b2486b52ba,2026-08-24T16:38:17Z,fr,Identified,want-to-come|builder-org,build-event|event,build-event|event,build-event|event,build-event|event,build-event|event,build-event|event,build-event|event,build-event|event,build-event|event,build-event|event,cannot,cannot,cannot,cannot,event,build-event|event,I would participate anyway between may and july but I believe it shouldn't be too early.  It has to be hot and dry else we lost part of the desert vibe. 
37837974-dd6a-47bb-80b1-4332786d47b0,2026-08-24T16:44:45Z,en,Identified,want-to-come|builder-barrio|other-burns,cannot,cannot,cannot,cannot,build-barrio|build-event|event|org-strike,build-barrio|build-event|event|org-strike,build-barrio|build-event|event|org-strike,cannot,build-barrio|event|org-strike,build-barrio|build-event|event|org-strike,build-barrio|build-event|event|org-strike,build-barrio|build-event|event|org-strike,cannot,cannot,cannot,cannot,
fefd7283-dcdd-4256-bf4d-429a626dcd36,2026-08-24T16:51:27Z,en,Anonymous,want-to-come|builder-barrio|other-burns,build-barrio|event,build-barrio|event,build-barrio|event,build-barrio|event,event,cannot,cannot,cannot,cannot,cannot,build-barrio|event,build-barrio|event,build-barrio|event,event,cannot,cannot,
c11ce396-7e9c-4012-9532-8df0e40b4da7,2026-08-24T16:57:12Z,en,Anonymous,want-to-come|other-burns,cannot,cannot,cannot,cannot,cannot,cannot,cannot,cannot,cannot,cannot,cannot,event,event,event,event,event,
858c1325-3f29-407d-8452-a8b261921807,2026-08-24T17:02:27Z,en,Anonymous,want-to-come|builder-barrio|strike|other-burns,cannot,cannot,event,cannot,cannot,cannot,cannot,build-barrio|build-event|cannot|event|org-strike,build-barrio|build-event|cannot|event|org-strike,build-barrio|build-event|cannot|event|org-strike,cannot,cannot,cannot,cannot,cannot,cannot,We survived July once we can do it again
fa160dd1-e53c-44af-a17c-b346f89096f4,2026-08-24T17:13:39Z,fr,Identified,want-to-come|builder-barrio|other-burns,cannot,cannot,build-barrio|build-event|event,build-barrio|build-event|event,build-barrio|build-event|event,build-barrio|build-event|event,build-barrio|build-event|event,build-barrio|build-event|event,org-strike,org-strike,event,event,event,build-barrio|build-event|event,build-barrio|build-event|event,build-barrio|build-event|event,Merci pour cette initiative ! 🙏 Je taffe beaucoup en septembre donc moins possible de poser deux semaines d'affilées mais ça me paraît plus propice de faire l'évent là que en pleine saison des incendies (et des malaises !). Aussi je préfère faire des workshops en intérieur quand il pleut que de ne pas bouger un orteil de la journée pc il fait trop chaud..  
906ddc3a-464b-455e-ab8a-298cfc261621,2026-08-24T17:15:47Z,fr,Identified,want-to-come,cannot,cannot,cannot,cannot,cannot,cannot,cannot,cannot,cannot,build-barrio|event,cannot,cannot,cannot,cannot,cannot,cannot,
9b3d61c7-3058-4b9f-b205-fcec908bbd10,2026-08-24T17:19:23Z,en,Identified,want-to-come|builder-barrio|strike,build-barrio|event|org-strike,build-barrio|event|org-strike,build-barrio|event|org-strike,build-barrio|event|org-strike,build-barrio|event|org-strike,build-barrio|event|org-strike,build-barrio|event|org-strike,cannot,cannot,cannot,cannot,cannot,cannot,cannot,cannot,cannot,
f1177cb8-a286-4c99-b23b-79a1a06e1445,2026-08-24T17:25:24Z,en,Identified,want-to-come|builder-org|builder-barrio|other-burns,cannot,cannot,cannot,cannot,build-barrio|build-event,event,cannot,cannot,cannot,cannot,build-barrio|build-event|cannot|event,event,event,event,event,event,
f26c8b89-cf14-4bdd-90bd-688493125653,2026-08-24T17:27:46Z,en,Anonymous,want-to-come|builder-barrio|other-burns,build-barrio|event,build-barrio|event,build-barrio|event,build-barrio|event,build-barrio|event,build-barrio|event,build-barrio|event,cannot,cannot,cannot,build-barrio|event,build-barrio|event,build-barrio|event,build-barrio|event,build-barrio|event,build-barrio|event,Lowest chance of fire and rain are absolutely preferred! 
ba25fb70-1215-4602-b694-63ed3c025f47,2026-08-24T17:36:25Z,en,Identified,want-to-come|other-burns,cannot,cannot,cannot,cannot,cannot,cannot,cannot,cannot,event,build-barrio|event,build-event|event,build-event|event,build-event|event,cannot,cannot,cannot,"Based on the data provided, personaly I would have a preference for early September date."
58500113-ab9b-4605-a4d1-f8610b059563,2026-08-24T17:46:04Z,en,Identified,want-to-come,event,event,build-barrio|event,build-barrio|event,build-barrio|event,build-barrio|event,cannot,cannot,cannot,cannot,cannot,build-barrio|event,event,event,cannot,cannot,"Late may and early September are my optimal choices, minimising health risks from the heat and still getting decent weather and plenty of sun. "
dad88c37-41e5-47a1-b6c2-38ce3d0de91e,2026-08-24T18:03:58Z,en,Anonymous,want-to-come|builder-barrio|strike|other-burns,build-barrio|event|org-strike,build-barrio|event|org-strike,build-barrio|event|org-strike,build-barrio|event|org-strike,build-barrio|event|org-strike,build-barrio|event|org-strike,cannot,cannot,cannot,cannot,cannot,build-barrio|event|org-strike,build-barrio|event|org-strike,build-barrio|event|org-strike,build-barrio|event|org-strike,build-barrio|event|org-strike,
5278216e-6214-4d82-bbd8-7c9578292e89,2026-08-24T18:08:28Z,fr,Identified,want-to-come|builder-org|builder-barrio,cannot,cannot,cannot,cannot,cannot,cannot,cannot,cannot,cannot,event,build-event|event,build-barrio|build-event|event,build-barrio|build-event|event,build-barrio|build-event|event,build-barrio|build-event|event,build-barrio|build-event|event,"Je n'ai aucune flexibilité sur mes dates de vacances du printemps ayant des cours ou des examens en mai / juin (impossibilité certaine pour moi de participer). Je n'ai pas de certitude de pouvoir participer à l'automne, mais c'est plus probable qu'avant l'été. "
14fbb5fc-16dc-4ad8-a2a1-6862f8062476,2026-08-24T18:28:13Z,en,Identified,want-to-come|other-burns,event,event,event,event,event,cannot,cannot,cannot,cannot,cannot,event,event,event,event,event,event,The decision for dates was based mainly on heat and wildfire risk
449ebce6-acf3-42f1-bd9d-85dae504f925,2026-08-24T18:39:11Z,fr,Identified,want-to-come,build-barrio|event|org-strike,build-barrio|event|org-strike,build-barrio|event|org-strike,build-barrio|event|org-strike,build-barrio|event|org-strike,build-barrio|event|org-strike,build-barrio|event|org-strike,build-barrio|event|org-strike,build-barrio|event|org-strike,build-barrio|event|org-strike,cannot,build-barrio|event|org-strike,build-barrio|event|org-strike,build-barrio|event|org-strike,build-barrio|event|org-strike,build-barrio|event,
e278ae9e-657f-4809-8fd6-94ed158bb27b,2026-08-24T18:53:33Z,en,Identified,want-to-come|builder-barrio|other-burns,cannot,cannot,cannot,cannot,cannot,cannot,cannot,cannot,build-barrio|event,build-barrio|event,cannot,cannot,cannot,event,event,event,
31bd4ce5-d2a5-48a9-b21e-c3dca441ab37,2026-08-24T18:57:25Z,en,Identified,want-to-come,event,cannot,cannot,event,cannot,cannot,cannot,event,event,event,event,cannot,cannot,cannot,cannot,cannot,
37fc98be-f5ea-4446-8164-7060e110155c,2026-08-24T19:01:51Z,en,Anonymous,want-to-come,cannot,build-barrio|event,build-barrio|event,build-barrio|event,build-barrio|event,build-barrio|event,build-barrio|event,build-barrio|event,event,build-barrio|event,build-barrio|event,build-barrio|event,build-barrio|event,build-barrio|event,cannot,cannot,
01f65bfb-220f-4399-aaaa-71f690a922ec,2026-08-24T19:26:06Z,en,Anonymous,want-to-come|builder-org|builder-barrio|other-burns,event,event,event,event,event,event,cannot,cannot,cannot,cannot,cannot,event,event,build-event,event,build-barrio,In winter when is green it could also be nice 
c555d013-ada6-4dae-af74-3c442559a7b7,2026-08-24T19:27:20Z,fr,Identified,want-to-come|builder-org|builder-barrio,cannot,cannot,cannot,cannot,cannot,cannot,cannot,cannot,build-barrio|build-event|event|org-strike,build-barrio|build-event|event|org-strike,build-barrio|build-event|event|org-strike,cannot,cannot,cannot,cannot,cannot,"Ce que j'aime de ce burn, c'est la chaleur, je n'ai pas envie d'avoir froid et devoir porter des vêtements. "
6ca699a1-ea7d-44d9-b634-3d1c34b1f9ff,2026-08-24T19:27:42Z,en,Identified,builder-barrio,build-barrio|event,build-barrio|event,build-barrio|event,event,event,build-barrio|event,build-barrio|event,build-barrio|event,build-barrio|event,build-barrio|event,event,event,event,event,event,event,I can't wait until October. I want to go into the summer with the Elsewhere vibe of love :):)
ace8c5bc-bf60-4c98-b4fa-3f16aae8f43e,2026-08-24T19:28:03Z,fr,Identified,want-to-come|builder-org|builder-barrio|strike,cannot,cannot,cannot,cannot,cannot,cannot,cannot,cannot,build-barrio|build-event|event|org-strike,build-barrio|build-event|event|org-strike,cannot,cannot,cannot,cannot,cannot,cannot,"I love dry heat. This is the reason why I love  Elsewhere. I love to not have to wear clothes during the day, and I love to not have to bring / wear something warm at night. I don’t like rain and these are the 2 periods of the year when it rains the least."
7b36a6bc-8d46-4dec-bfbf-9ae492f7b586,2026-08-24T19:43:45Z,fr,Anonymous,want-to-come|builder-barrio|other-burns,cannot,build-barrio|event,build-barrio|event,build-barrio|event,build-barrio|event,build-barrio|event,build-barrio|event,cannot,cannot,cannot,build-barrio|event,build-barrio|event,build-barrio|event,build-barrio|event,org-strike,org-strike,Le 10 juillet j’ai un anniversaire très important pour moi 
51361562-baa3-46c0-9dd6-871feeb4a17a,2026-08-24T19:43:55Z,de,Anonymous,want-to-come|builder-barrio|strike,build-barrio|build-event|event|org-strike,build-barrio|build-event|event|org-strike,build-barrio|build-event|event|org-strike,build-barrio|build-event|event|org-strike,build-barrio|build-event|event|org-strike,cannot,cannot,cannot,cannot,cannot,cannot,build-barrio|build-event|event|org-strike,build-barrio|build-event|event|org-strike,build-barrio|build-event|event|org-strike,build-barrio|build-event|event|org-strike,build-barrio|build-event|event|org-strike,
a48d4800-dae5-4006-a055-5697bb11ce31,2026-08-24T19:57:08Z,en,Identified,want-to-come|builder-barrio|other-burns,build-barrio|event,build-barrio|event,build-barrio|event,build-barrio|event,build-barrio|event,cannot,cannot,cannot,build-barrio|event,build-barrio|event,build-barrio|event,build-barrio|event,build-barrio|event,build-barrio|event,build-barrio|event,build-barrio|event,"Mid-June is not ideal as Hellfest is happening at this time of year, and i don't want to have to choose."
20444529-d961-4a4f-9be4-89217dce6ef9,2026-08-24T20:06:28Z,en,Identified,want-to-come,build-barrio|event|org-strike,build-barrio|event|org-strike,build-barrio|event|org-strike,build-barrio|event|org-strike,build-barrio|event|org-strike,build-barrio|event|org-strike,build-barrio|event|org-strike,cannot,cannot,cannot,build-barrio|event|org-strike,build-barrio|event|org-strike,build-barrio|event|org-strike,build-barrio|event|org-strike,cannot,cannot,
9cc3e93d-1b2f-40d2-8abd-2dccef72e5ec,2026-08-24T20:07:23Z,fr,Anonymous,want-to-come|other-burns,event,cannot,cannot,cannot,cannot,cannot,event,event,event,event,event,event,event,event,event,event,
e2d3c4a3-2fad-45ed-bb7c-8f0ae75bf60d,2026-08-24T20:07:34Z,fr,Anonymous,want-to-come|other-burns,cannot,cannot,cannot,cannot,cannot,cannot,build-barrio|build-event|event|org-strike,build-barrio|build-event|event|org-strike,build-barrio|build-event|event|org-strike,cannot,cannot,cannot,cannot,cannot,cannot,cannot,
23c8658a-5cd6-4789-bbd1-34e5a86eb371,2026-08-24T20:18:49Z,fr,Anonymous,want-to-come|other-burns,event,cannot,cannot,cannot,cannot,cannot,event,event,event,event,event,event,cannot,cannot,event,event,
1afa5809-e77d-488a-8bf6-cc1d38892d8a,2026-08-24T20:20:22Z,en,Anonymous,want-to-come|builder-org|strike|other-burns,build-event|event|org-strike,build-event|event|org-strike,build-event|event|org-strike,build-event|event|org-strike,build-event|event|org-strike,build-event|event|org-strike,build-event|event|org-strike,build-event|event|org-strike,cannot,cannot,build-event|event|org-strike,build-event|event|org-strike,build-event|event|org-strike,build-event|event|org-strike,build-event|event|org-strike,build-event|event|org-strike,
2b060e14-9e41-4ce3-aa00-c5d1298e6f4a,2026-08-24T20:24:31Z,es,Anonymous,builder-barrio|strike,cannot,cannot,cannot,cannot,cannot,build-event,build-barrio,event,org-strike,cannot,event,event,cannot,cannot,cannot,cannot,My job finish in the middle of june
12203901-b0fd-4ee6-9d68-6b69ba9c09ca,2026-08-24T20:28:18Z,de,Identified,want-to-come|builder-barrio|other-burns,build-event|event,cannot,cannot,cannot,cannot,cannot,cannot,cannot,cannot,build-event|event,cannot,cannot,cannot,cannot,cannot,cannot,"Ich bin an französische Ferientermine gebunden, und da sind die Termine sehr eingeschränkt. Ich würde für mich das Risiko einer annulation eingehen."
13acd0ae-da22-4bd5-b587-911291cd451e,2026-08-24T20:29:47Z,de,Identified,want-to-come,cannot,cannot,cannot,cannot,cannot,cannot,cannot,event,cannot,cannot,cannot,cannot,cannot,cannot,cannot,cannot,
278c3a5f-d73a-48cc-be6b-477885a0d7b0,2026-08-24T20:34:54Z,fr,Anonymous,want-to-come|builder-barrio|other-burns,build-barrio|event,build-barrio|event,build-barrio|event,cannot,cannot,cannot,cannot,cannot,build-barrio|event,build-barrio|event,build-barrio|event,build-barrio|event,build-barrio|event,build-barrio|event,build-barrio|event,build-barrio|event,
3d60bbf2-91e1-4c18-bbcc-d48e6fc19f23,2026-08-24T20:43:11Z,en,Identified,want-to-come|other-burns,event,event,event,event,event,event,cannot,cannot,cannot,cannot,cannot,event,build-barrio|event,build-barrio|event,build-barrio|build-event|event,build-barrio|build-event|event,
9bfcdf85-ff09-4d72-8d87-b54d391050cb,2026-08-24T20:56:43Z,en,Anonymous,want-to-come|builder-barrio|strike|other-burns,build-barrio|event|org-strike,build-barrio|event|org-strike,build-barrio|event|org-strike,build-barrio|event|org-strike,build-barrio|event|org-strike,build-barrio|event|org-strike,cannot,cannot,cannot,cannot,build-barrio|event|org-strike,build-barrio|event|org-strike,build-barrio|event|org-strike,build-barrio|event|org-strike,cannot,cannot,"If early Sept, which I like personally, we lose the committed burners going to BM. "
54c414e1-473c-4f86-9db0-7abfd64a0ade,2026-08-24T21:04:03Z,en,Identified,want-to-come|builder-barrio,cannot,cannot,cannot,cannot,cannot,cannot,cannot,cannot,cannot,build-barrio|event,event,build-barrio|event,build-barrio|event,build-barrio|event,build-barrio|event,build-barrio|event,
31aebfcd-733a-4568-b4af-6e913736cb37,2026-08-24T21:04:14Z,en,Identified,want-to-come|builder-barrio|other-burns,cannot,cannot,cannot,cannot,cannot,cannot,build-barrio|event,build-barrio|event,cannot,cannot,cannot,cannot,cannot,cannot,cannot,cannot,
c4ec0cc9-9ab2-4160-8dc6-f5fbbcd18d45,2026-08-24T21:11:52Z,fr,Anonymous,want-to-come|other-burns,cannot,cannot,cannot,cannot,cannot,cannot,cannot,cannot,cannot,cannot,cannot,cannot,cannot,build-barrio|event|org-strike,cannot,cannot,
5494ebde-ead6-43f5-b834-2cc6ef906084,2026-08-24T21:13:07Z,en,Identified,want-to-come,build-event|event,build-event|event,build-event|event,build-event|event,build-event|event,build-event|event,build-event|event,build-event|event,build-event|event,build-event|event,build-event|event,build-event|event,build-event|event,build-event|event,build-event|event,build-event|event,I can only come for the last week of build
942c1b10-3daa-4ab9-988f-50882b401216,2026-08-24T21:34:15Z,fr,Identified,want-to-come|other-burns,cannot,cannot,cannot,cannot,cannot,cannot,cannot,event,event,event,cannot,cannot,cannot,cannot,cannot,cannot,
81919ce0-8324-4541-9d36-f3413be4ecb2,2026-08-24T21:36:35Z,en,Identified,want-to-come|other-burns,event,event,event,event,event,event,event,cannot,cannot,cannot,event,event,event,event,event,event,I would prefer moderate weather in terms of temperature
280ee41e-3f05-41fd-95ed-4c6c5b55cc24,2026-08-24T21:52:02Z,fr,Anonymous,want-to-come|builder-barrio|strike,build-barrio,build-barrio|event|org-strike,build-barrio|event|org-strike,build-barrio|event|org-strike,build-barrio|event|org-strike,build-barrio|event|org-strike,event|org-strike,cannot,cannot,cannot,build-barrio,build-barrio|event|org-strike,build-barrio|event|org-strike,build-barrio|event|org-strike,cannot,cannot,Merci de tout le travail d'analyse préparatoire !
32bb010f-a70f-4db5-971d-5ffa146d2e54,2026-08-24T21:59:29Z,en,Anonymous,want-to-come|builder-barrio|other-burns,event,cannot,cannot,cannot,build-barrio|build-event,build-barrio|build-event|event|org-strike,build-barrio|build-event|event|org-strike,build-barrio|build-event|event|org-strike,build-barrio|build-event|event|org-strike,build-barrio|build-event|org-strike,cannot,cannot,cannot,cannot,cannot,cannot,"Many other dates are overlapping with work, or other burns in Europe. June is more quiet in my side, I can start summer holidays early. It's a shame that august is the worst time to go because of the fire alerts, because I usually have plenty of time this month"
aec644e3-7c5b-47da-9860-003ef5f81fcb,2026-08-24T22:29:10Z,de,CompletionTracked,want-to-come|builder-barrio|strike,cannot,cannot,cannot,cannot,cannot,cannot,cannot,cannot,cannot,cannot,build-barrio|event|org-strike,build-barrio|event|org-strike,build-barrio|event|org-strike,build-barrio|event|org-strike,event,event,
895f1260-9433-439c-8a58-14025729bbc9,2026-08-24T22:34:01Z,en,Identified,want-to-come|builder-barrio|other-burns,build-barrio,build-barrio,build-barrio,build-barrio,build-barrio,build-barrio,build-barrio,build-barrio,build-barrio,build-barrio,build-barrio,build-barrio,build-barrio,build-barrio,build-barrio,build-barrio,
a09714c3-988a-4b09-aff5-69f0998b81b6,2026-08-24T23:06:45Z,fr,Anonymous,want-to-come|strike|other-burns,cannot,cannot,cannot,cannot,cannot,cannot,cannot,cannot,cannot,cannot,cannot,event|org-strike,event|org-strike,event|org-strike,event|org-strike,event|org-strike,
e9deea0d-a3da-4419-8830-233145b81a45,2026-08-25T02:47:16Z,en,Identified,want-to-come|builder-org|builder-barrio|strike,cannot,cannot,cannot,cannot,cannot,cannot,cannot,build-barrio|build-event|event,build-barrio|build-event|event|org-strike,build-barrio|build-event|event|org-strike,event|org-strike,cannot,cannot,cannot,cannot,cannot,"Depending the final event date I will be able to participate to event build or/and Strike.

Thanks you all for the time and energy you put into this. I loved to participate to event build and will do it again if possible."
f06a4edf-8092-4b3e-a1fc-dc455cad71f7,2026-08-25T04:15:23Z,en,Identified,builder-org|strike,build-event|event|org-strike,build-event|event|org-strike,build-event|event|org-strike,build-event|event|org-strike,build-event|event|org-strike,build-event|event|org-strike,build-event|event|org-strike,build-event|event|org-strike,build-event|event|org-strike,build-event|event|org-strike,build-event|event|org-strike,build-event|event|org-strike,build-event|event|org-strike,build-event|event|org-strike,build-event|event,cannot,"I think the survey should have had a qualifying question as to why people picked the dates they did . tick box questions to pull out some more granular information

Why do these dates not work for you
eg can not attend NEST UK
Takes place during the school year and I am a student
Takes place during the school year and I am a teacher/lecturer/university worker
The heat is a core part of the event experience for me
the event taking place in May will see a shorter period to organise the event 
The event taking place in October feel too late in the year and may be challenging for post event administration 



We have a  diminishing population in terms of ticket sales- understanding this is key to things overall.

Have heat and dates been a precluding factor in people attending and would changing this increase the number of attendees- perhaps these people are not reached by this poll- and this is a wider area to look at  

Personally more clarity is needed on the situation next year re land/what type event we want to make to make an informed choice about the plans overall for next year but appreciate the discussion re date "
d93dc8e6-c49a-4145-8b53-0f4a465d1092,2026-08-25T04:53:53Z,es,Anonymous,want-to-come|builder-barrio|other-burns,build-barrio|event,build-barrio|event,build-barrio|event,build-barrio|event,build-barrio|event,build-barrio|event,build-barrio|event,cannot,cannot,cannot,build-barrio|event,build-barrio|event,cannot,cannot,cannot,cannot,
a1a9c1c8-7953-4ac3-84eb-0ae7db27d775,2026-08-25T06:24:41Z,fr,Anonymous,want-to-come|other-burns,event,event,event,cannot,cannot,cannot,event,cannot,cannot,cannot,cannot,event,event,event,event,event,
032120f7-941d-4ed3-bff6-02899b14abfd,2026-08-25T06:26:27Z,en,Identified,want-to-come|builder-org|builder-barrio|other-burns,build-barrio|build-event|event,build-barrio|build-event|event,build-barrio|build-event|event,build-barrio|build-event|event,build-barrio|build-event|event,build-barrio|build-event|event,build-barrio|build-event,build-barrio|build-event,build-barrio|build-event,build-barrio|build-event,build-barrio|build-event,build-barrio|build-event,build-barrio|build-event,build-barrio|build-event|event,build-barrio|build-event|event,build-barrio|build-event|event,"(I’m doing this again cause don’t think it worked first time round.) 
The only way I make elsewhere work is by taking time off in my high season at work. It’s becoming an increasingly hard decision to make in light of the likelihood the event gets suddenly cancelled and then I lose work time money and missed income to boot. It’s becoming risk is worse year in year out. Next year we are likely to be evacuated how awful would that be? Would the event even recover from such an occurrence? 

I am from a hot little island it’s 41 degrees right now and not even 9am. I know heat. But I’m not toiling in it and that’s the key difference. At EW you are compromising a lot of people. One of our elder and very experienced nobody  was so affected by the heat they needed medical attention for two days this year. You can do less, play less, enjoy less because your battery is at 10% cause of all the heat and working in the heat. And that’s if it doesn’t literally put you in sick bay. 

We have to roll with the climate and in order to stay accessible safe sustainable and even reasonable at this point, we have to move it away from the hottest weeks of the year. It is now actively taking away from EW’s potential in every conceivable way - what are we gaining by insisting on doing it in the most dangerous period of the year? Yes sure I understand this coincides with summer holidays for people in education - other festivals are not held to this benchmark and different countries have different summer holidays anyway and we are all ultimately
Sacrificing something to get here. Also there are other festivals taking place at other times of the year and it is not all beholden to the education system. 

It will still be tough it will still be the desert but how much more art and participation', how much less strain on emergency unit and individual members will we achieve if we just shift it forward or back a few months?  Has to be done guys.  "
05ea7cfd-1329-48fd-a825-09d201ab23b0,2026-08-25T06:45:14Z,en,Identified,builder-org|strike,build-barrio|build-event|event|org-strike,build-barrio|build-event|event|org-strike,build-barrio|build-event|event,cannot,cannot,event|org-strike,build-barrio|build-event|event|org-strike,build-barrio|build-event|event|org-strike,build-barrio|build-event|event|org-strike,build-barrio|build-event|event|org-strike,cannot,build-barrio|event|org-strike,build-barrio|build-event|event|org-strike,build-barrio|build-event|event|org-strike,build-barrio|build-event|event|org-strike,build-barrio|build-event|event|org-strike,
30f21f93-558b-461b-b4b1-49b9d14d2b0f,2026-08-25T06:46:34Z,fr,Anonymous,want-to-come|builder-barrio|other-burns,cannot,cannot,cannot,cannot,cannot,build-barrio|event,build-barrio|event,build-barrio|event,build-barrio|event,build-barrio|event,build-barrio|event,cannot,cannot,cannot,cannot,cannot,"J'aime avoir chaud au nowhere, ça fait partie de l'expérience.
Quelle que soit la date, je viendrais a nowhere en 2027. Mais je préférerais que ce soit quand il fait chaud"
1724891a-fb3f-425b-87d2-6cd800ef1f52,2026-08-25T06:50:48Z,fr,Identified,want-to-come,event,event,event,event,cannot,event,event,cannot,event,event,cannot,cannot,cannot,cannot,cannot,cannot,
10483a1e-1de3-4cb7-ba89-f40008aeca24,2026-08-25T07:44:06Z,es,Identified,want-to-come|builder-barrio,cannot,cannot,cannot,build-barrio|event,build-barrio|event,build-barrio|event,build-barrio|event,build-barrio|event,build-barrio|event,build-barrio|event,build-barrio|event,cannot,cannot,cannot,cannot,cannot,En septiembre y mayo las noches son frías 
ec2d1fd5-f1bf-4910-ade8-4b6f3cbc3751,2026-08-25T08:04:15Z,fr,Identified,want-to-come|builder-barrio,cannot,cannot,cannot,cannot,cannot,cannot,cannot,cannot,build-barrio|event|org-strike,build-barrio|event|org-strike,cannot,cannot,cannot,cannot,cannot,cannot,"Compliqué pour l'instant d'envisager des vacances en dehors de la période Juillet/Août.
La chaleur n'est pas un problème pour moi heureusement.
Si on est sur un terrain acheté, pourquoi pas organiser pendant toute l'année des constructions/aménagements qui pourraient nous aider à vivre avec cette chaleur? Je pense à planter des arbres ou creuser pour y mettre les zones à risque.
"
6671e69b-71eb-4887-b120-6a8cf974680d,2026-08-25T08:34:15Z,fr,Anonymous,other-burns,event,cannot,event,event,cannot,cannot,build-event,build-event,build-event,build-event,cannot,cannot,cannot,cannot,cannot,cannot,"Il faut peux être revoir le lieux plutôt que des dates. Ou tout simplement ne plus faire un acte écologique responsable. Créé un vrai evenement européen avec les forces burner d'Europe que de multiplier les événement régionaux. On voit aussi qu'il se passe aussi des choses au état unis le climat change... Nos événements on un impact! Au moment où j'écris se message ""Reno"" brûle. "
cadfd5e0-b9ef-446c-9e4a-dabf3b2382cb,2026-08-25T08:34:30Z,en,Identified,want-to-come,cannot,cannot,cannot,cannot,cannot,cannot,event,event,cannot,event,event,cannot,cannot,cannot,cannot,cannot,
97f3c5cd-e249-4468-a058-5582b8089c98,2026-08-25T08:50:13Z,en,Anonymous,want-to-come|builder-barrio|other-burns,build-barrio|build-event|event|org-strike,build-barrio|build-event|event|org-strike,build-barrio|build-event|event|org-strike,build-barrio|build-event|event|org-strike,build-barrio|build-event|event|org-strike,build-barrio|build-event|event|org-strike,build-barrio|build-event|event|org-strike,build-barrio|build-event|event|org-strike,build-barrio|build-event|event|org-strike,build-barrio|build-event|event|org-strike,build-barrio|build-event|event|org-strike,build-barrio|build-event|event|org-strike,build-barrio|build-event|event|org-strike,build-barrio|build-event|event|org-strike,build-barrio|build-event|event|org-strike,build-barrio|build-event|event|org-strike,
f13919b2-eb8d-4285-b14f-64d678bfde73,2026-08-25T08:53:28Z,en,Anonymous,want-to-come|builder-barrio|other-burns,build-barrio|build-event|event|org-strike,build-barrio|build-event|event|org-strike,build-barrio|build-event|event|org-strike,build-barrio|build-event|event|org-strike,build-barrio|build-event|event|org-strike,build-barrio|build-event|event|org-strike,build-barrio|build-event|event|org-strike,build-barrio|build-event|event|org-strike,build-barrio|build-event|event|org-strike,build-barrio|build-event|event|org-strike,build-barrio|build-event|event|org-strike,build-barrio|build-event|event|org-strike,build-barrio|build-event|event|org-strike,build-barrio|build-event|event|org-strike,build-barrio|build-event|event|org-strike,build-barrio|build-event|event|org-strike,
613cfbe1-581b-4796-97f4-89da062abe73,2026-08-25T09:01:07Z,en,Identified,want-to-come|builder-barrio|other-burns,cannot,cannot,cannot,build-barrio|event,build-barrio|event,build-barrio|event,build-barrio|event,build-barrio|event,event,cannot,cannot,cannot,cannot,cannot,cannot,cannot,"The higher risk of rain is the major downfall (pun intended).
We should make sur wet road are still drivable unlike 2022 when watertruck could not deliver for a few days. Also striking and packing in the mud is a nightmare.
For me the sweet spot would be first half of june when it's hot enough for quick dry. Thank you for the well presented data.
"
648048ea-e227-4cc1-951d-249d573e8933,2026-08-25T09:09:20Z,en,Anonymous,other-burns,build-event,build-barrio|build-event,build-barrio|build-event|event,build-barrio|build-event|event|org-strike,build-barrio|build-event|event|org-strike,build-barrio|build-event|event|org-strike,build-barrio|build-event|cannot|event|org-strike,cannot|org-strike,cannot,cannot,build-event|cannot,build-barrio|build-event|event,build-barrio|build-event|event|org-strike,build-barrio|build-event|event|org-strike,build-barrio|build-event|event|org-strike,org-strike,
d3c5e819-5086-49c1-9aaa-c9f7f70acead,2026-08-25T09:11:28Z,fr,Identified,want-to-come|builder-org,cannot,cannot,cannot,build-event|event,build-event|event,build-event|event,build-event|event,build-event|event,build-event|event,build-event|event,cannot,cannot,cannot,cannot,cannot,cannot,
fd9ca07f-6eb5-46c3-8ff9-c5f7fb9b4484,2026-08-25T09:26:47Z,fr,Anonymous,want-to-come|builder-org|strike,cannot,cannot,build-event|event|org-strike,build-event|event|org-strike,build-event|event|org-strike,build-event|event|org-strike,build-event|event,event,cannot,cannot,build-event|event|org-strike,build-event|event|org-strike,cannot,cannot,cannot,cannot,Je suis très heureuse de voir le travail que vous avez fait. Merci
39e5d5b6-f1b2-4c97-b130-86925d73edb4,2026-08-25T09:28:28Z,fr,Anonymous,want-to-come|other-burns,build-event|event,build-event|event,build-event|event,cannot,cannot,cannot,build-event|event,build-event|event,cannot,cannot,cannot,cannot,cannot,cannot,cannot,cannot,"Il y a la crème brûlée qui tombe fin mai.
Il fait déjà beaucoup trop chaud en juillet... Et la rentrée de septembre est  généralement trop chargée pour libèrer une semaine ou plus.
J'ai un peu peur des journées trop courtes en octobre."
e50126e8-72e8-4d94-9f10-505fba370b54,2026-08-25T09:34:09Z,fr,Anonymous,want-to-come|other-burns,event,event,event,event,event,cannot,cannot,cannot,cannot,cannot,cannot,cannot,event,event,event,event,
4d84a510-8ddb-4577-bfeb-0cde77beebd1,2026-08-25T09:54:08Z,es,Identified,want-to-come|builder-org,cannot,cannot,cannot,build-event,build-event,build-event|event,build-event|event,build-event|event,org-strike,event,event,event|org-strike,org-strike,event,cannot,cannot,"I imagine starting every summer with a nowhere, im not sure having an event every summer as closure. Energy after summer is much lower for such a thing, and there is high risk many people wouldnt come. MaybeMAY/JUN/JUL dates should be taken more into consideration than SEPT/OCT ones  "
9143b32b-a6c7-4261-b2e4-8d226a493415,2026-08-25T09:55:29Z,fr,Anonymous,other-burns,cannot,cannot,cannot,build-barrio|build-event|cannot,build-barrio|build-event|event|org-strike,event|org-strike,cannot,cannot,cannot,cannot,cannot,build-barrio|build-event,build-barrio|build-event|event,event|org-strike,org-strike,cannot,
c632982d-db9f-4853-b8f8-005952a0d733,2026-08-25T10:10:26Z,en,Identified,want-to-come|builder-org|builder-barrio|strike|other-burns,cannot,cannot,cannot,cannot,cannot,cannot,cannot,cannot,cannot,cannot,build-barrio|build-event|event,build-barrio|build-event|event,event,event,event,cannot,"August would really be perfect
"
9f258612-6c69-45d3-9acb-4a69fb168310,2026-08-25T10:19:15Z,en,Identified,want-to-come|other-burns,build-event,build-event,build-event,build-barrio|build-event,build-barrio|build-event|event,build-barrio|build-event|event|org-strike,build-barrio|build-event|event|org-strike,event|org-strike,org-strike,cannot,build-barrio|build-event,build-barrio|build-event|event,build-barrio|build-event|event|org-strike,event|org-strike,org-strike,org-strike,
fbfa0db0-d64a-4c98-b7b5-fc2c6b002b67,2026-08-25T10:22:47Z,en,Anonymous,want-to-come|builder-org,cannot,event,build-event|event,build-event|event,build-event|event,build-event|event,build-event|event,build-event|event,cannot,cannot,cannot,cannot,cannot,cannot,cannot,cannot,"I don't want to commit to a work intense burn after the summer, I'd rather have festival season etc. start with it. Unfortunately early May is a little too close to other commitments for me."
53f26f77-df5c-4db6-81fd-eddc0914687e,2026-08-25T10:29:08Z,es,Identified,want-to-come,event,event,build-event|event|org-strike,build-event|event|org-strike,build-event|event|org-strike,build-event|event|org-strike,cannot,cannot,cannot,cannot,cannot|event,build-event|event|org-strike,build-event|event|org-strike,build-event|event|org-strike,build-event|event|org-strike,event,no
3151ab5b-83fb-48db-aab4-8597857cb5cd,2026-08-25T10:30:37Z,fr,Anonymous,want-to-come|builder-barrio|other-burns,build-barrio|event,build-barrio|event,build-barrio|event,build-barrio|event,build-barrio|event,event,cannot,cannot,cannot,cannot,cannot,cannot,cannot,cannot,cannot,cannot,
bf7b9ab8-f0c0-48ed-a939-7965602aa826,2026-08-25T10:32:32Z,en,Anonymous,want-to-come|builder-barrio|other-burns,event,event,cannot,event,event,event,cannot,cannot,event,event,cannot,cannot,cannot,event,event,event,
e384847f-bfcc-409f-ba22-b4c17e813a67,2026-08-25T10:35:16Z,en,Identified,want-to-come|builder-org|other-burns,cannot,build-event|event,build-event|event,build-event|event|org-strike,build-event|event|org-strike,build-event|event|org-strike,cannot,cannot,cannot,event,cannot,cannot,cannot,cannot,cannot,cannot,
466bdfae-9f1c-485b-b407-a86819afc6cd,2026-08-25T10:43:02Z,en,Anonymous,want-to-come|builder-barrio|strike|other-burns,cannot,cannot,cannot,cannot,cannot,build-barrio|build-event|event|org-strike,build-barrio|build-event|event|org-strike,build-barrio|build-event|event|org-strike,cannot,cannot,build-barrio|build-event|event|org-strike,build-barrio|build-event|event|org-strike,cannot,cannot,cannot,cannot,
bf1a64ef-fa9b-43aa-9dc4-1ff16c3a5cb8,2026-08-25T10:47:21Z,en,Anonymous,want-to-come,cannot,cannot,cannot,cannot,event|org-strike,event|org-strike,build-barrio|event,build-barrio|build-event|event,cannot,cannot,cannot,cannot,cannot,cannot,cannot,cannot,
a8ef35c1-0af5-4e99-9a98-ed5578438176,2026-08-25T10:59:27Z,fr,Anonymous,want-to-come|other-burns,build-barrio|event,build-barrio|event,build-barrio|event,build-barrio|event,build-barrio|event,cannot,cannot,cannot,cannot,cannot,build-barrio|event,build-barrio|event,build-barrio|event,build-barrio|event,cannot,cannot,
ffc52953-358a-4d82-bc0a-6950f684d9bb,2026-08-25T11:13:49Z,en,Identified,want-to-come,cannot,event,event,cannot,event,event,event,event,event,event,cannot,event,event,event,event,event,
4e4999c6-ce21-4f9a-ba29-8ee7ebf2a334,2026-08-25T11:17:36Z,fr,Identified,want-to-come|builder-org,build-event|event,build-event|event,build-event|event,build-event|event,build-event|event,build-event|event,build-event|event,build-event|event,build-event|event,build-event|event,build-event|event,event,cannot,cannot,cannot,cannot,
8afd34dc-bec4-4a9f-a334-9ee9d5fc318d,2026-08-25T11:21:24Z,en,Identified,want-to-come|other-burns,cannot,cannot,cannot,cannot,cannot,cannot,cannot,cannot,cannot,build-barrio|build-event|event,build-barrio|build-event|event,build-barrio|build-event|event,build-barrio|build-event|event,cannot,cannot,cannot,
7e569f2b-31a8-4962-a5ba-5b8f28363fcb,2026-08-25T11:31:46Z,en,Identified,want-to-come|builder-barrio,build-barrio|event,build-barrio|event,build-barrio|event,build-barrio|event,build-barrio|event,build-barrio|event,build-barrio|event,build-barrio|event,build-barrio|event,build-barrio|event,build-barrio|event,build-barrio|event,build-barrio|event,cannot,cannot,cannot,"I think mid-end June seems like the best compromise, it's still hot just less risk of cancellation."
4290f969-3395-4fa1-90a0-c51fa0a2c1b6,2026-08-25T11:34:41Z,it,Anonymous,want-to-come|other-burns,cannot,cannot,cannot,cannot,cannot,build-barrio|build-event|event|org-strike,build-barrio|build-event|event|org-strike,cannot,cannot,cannot,cannot,build-barrio|build-event|event|org-strike,build-barrio|build-event|event|org-strike,build-barrio|build-event|event|org-strike,build-barrio|build-event|event|org-strike,build-barrio|build-event|event|org-strike,Meno caldo. Più facile da organizzare fuori dai mesi estivi dove ci sono tanti altri eventi in concomitanza 
9329be0b-79a7-4a17-80d1-74c544ac0532,2026-08-25T11:36:20Z,en,Identified,want-to-come|builder-barrio|other-burns,cannot,cannot,event,event,event,event,event,event,org-strike,org-strike,event,event,event,cannot,cannot,cannot,
e4b6709a-9cd8-4016-9261-4c11d63a5e05,2026-08-25T11:39:27Z,en,Identified,want-to-come|builder-barrio,cannot,cannot,cannot,cannot,build-barrio|event,build-barrio|event,build-barrio|event,cannot,cannot,cannot,build-barrio|event,build-barrio|event,cannot,cannot,cannot,cannot,"The heat is a big part of Nowhere and I love the sexy vibes it creates. Temperatures below 15 degrees are an absolute no-go for me. I also really don't like rain, but that seems harder to plan with. As long as it's warm enough during the day, we can recover from the rain. I don't worry about other Burns, they might move their dates to ours, if fire risk is not an issue in their region. "
6462b0aa-1996-419f-a026-0a2025fc8f92,2026-08-25T11:39:38Z,fr,Anonymous,want-to-come,build-barrio|event,build-barrio|event,build-barrio|event,build-barrio|event,build-barrio|event,build-barrio|event,build-barrio|event,build-barrio|event,build-barrio|event,cannot,cannot,cannot,cannot,cannot,cannot,cannot,
c8547f83-1fab-4de9-bda8-b5ca5be41d4c,2026-08-25T11:39:47Z,fr,Anonymous,want-to-come|builder-org|builder-barrio|strike|other-burns,cannot,cannot,cannot,cannot,cannot,cannot,event,build-barrio|event,build-barrio|build-event|event|org-strike,build-barrio|build-event|event|org-strike,event,cannot,cannot,cannot,cannot,cannot,"À cause de Nest et Creme Brûlée, je ne pense pas qu'il soit possible de faire le burn en mai ou juin, on vas perdre bien trop de bénévole impliqué dans le build et le strike.
De plus, de nombreuses profession ne peuvent prendre des vacances que sur la période estival. 
Au moins de septembre les orages et les dust storm violentes sont bcp plus fréquentes. 
Si on reste factuel, la seule conclusion logique est de déménager Nowhere dans un lieu moins chaud et aride pour garder la commu impliqué et éviter les red plus alerte!"
d24f0c01-aab7-4b9b-8f45-c2aff4a4ef99,2026-08-25T11:49:40Z,en,Anonymous,builder-barrio|other-burns,cannot,cannot,cannot,cannot,cannot,cannot,build-barrio|event,build-barrio|event,build-barrio|event,cannot,build-barrio|event,build-barrio|event,cannot,cannot,cannot,cannot,
c94d5370-ffbd-4590-aa7d-635af62ac9af,2026-08-25T11:54:45Z,en,Identified,want-to-come|builder-barrio|strike,cannot,cannot,cannot,build-barrio|event|org-strike,build-barrio|event|org-strike,build-barrio|event|org-strike,build-barrio|event|org-strike,build-barrio|event|org-strike,build-barrio|event|org-strike,build-barrio|event|org-strike,build-barrio|event|org-strike,build-barrio|event|org-strike,build-barrio|event|org-strike,cannot,cannot,cannot,"I am able to come on all dates, but my preference would be in June, since I strongly dislike camping and building in the rain or cold."
7a52eca9-68b2-4cfa-b7c0-46d2a2ff5b61,2026-08-25T11:54:51Z,en,Identified,want-to-come|other-burns,event,event,event,event,event,event,event,event,event,event,event,event,event,event,event,event,
1736d7f2-2503-4d16-ad3a-e9bf0a7361b4,2026-08-25T11:55:12Z,en,Anonymous,want-to-come|other-burns,event,event,event,event,event,event,cannot,cannot,cannot,cannot,cannot,event,event,event,event,event,
129a8412-7b78-43a8-9cb4-004c08507096,2026-08-25T11:59:09Z,it,Identified,want-to-come|builder-org|builder-barrio|strike,build-barrio|build-event|event|org-strike,build-barrio|build-event|event|org-strike,build-barrio|build-event|event|org-strike,build-barrio|build-event|event|org-strike,build-barrio|build-event|event|org-strike,build-barrio|build-event|event|org-strike,build-barrio|build-event|event|org-strike,cannot,cannot,cannot,cannot,cannot,cannot,cannot,cannot,cannot,
95f10f40-643e-455d-ac85-36a37fa537f5,2026-08-25T12:12:02Z,it,Anonymous,want-to-come,event,event,event,event,cannot,cannot,cannot,cannot,cannot,cannot,cannot,cannot,cannot,cannot,event,event,
8a46e0f3-0529-4990-a10a-b7ad5da291ed,2026-08-25T12:12:09Z,ca,Identified,want-to-come|builder-org|builder-barrio,cannot,cannot,cannot,build-barrio|build-event|event,build-barrio|build-event|event,build-barrio|build-event|event,build-barrio|build-event|event,build-barrio|build-event|event,event,event,build-barrio|build-event|event,build-barrio|build-event|event,build-barrio|build-event|event,build-barrio|build-event|event,build-barrio|build-event|event,build-barrio|build-event|event,I considered public holidays as well to chosse my options: 24/06 11/09 24/09 12/10
f25c8a3a-77f7-4365-ae91-fc0973445deb,2026-08-25T12:12:21Z,fr,Anonymous,want-to-come|builder-barrio,cannot,cannot,build-barrio|event|org-strike,build-barrio|event|org-strike,build-barrio|event|org-strike,build-barrio|event|org-strike,cannot,cannot,cannot,cannot,cannot,cannot,cannot,build-barrio|event|org-strike,build-barrio|event|org-strike,build-barrio|event|org-strike,
88bcb7c0-b7b3-4a8d-9db3-0d39e2cf6099,2026-08-25T12:18:04Z,fr,Anonymous,want-to-come|strike|other-burns,event|org-strike,event|org-strike,event|org-strike,event|org-strike,cannot,cannot,cannot,cannot,cannot,event|org-strike,cannot,cannot,cannot,cannot,cannot,cannot,Rentrée en septembre ou octobre impossible pour moi étant formatrice en santé et idem pour juin- début juillet
941680ce-bb03-4c95-a7da-290baa20c712,2026-08-25T12:18:39Z,en,Anonymous,want-to-come|strike,cannot,event|org-strike,event|org-strike,event|org-strike,event|org-strike,event|org-strike,event|org-strike,event|org-strike,cannot,cannot,event,event,cannot,cannot,cannot,cannot,
51cb6e83-4c5e-4572-afb0-1d6be865da99,2026-08-25T12:22:19Z,en,Identified,want-to-come|builder-barrio|strike|other-burns,cannot,cannot,cannot,cannot,build-event|cannot,build-barrio|build-event,build-barrio|event,event|org-strike,org-strike,cannot,build-event,build-barrio|build-event,build-barrio|build-event|event,build-barrio|build-event|event|org-strike,build-barrio|build-event|event|org-strike,build-barrio|build-event|event|org-strike,"- I want to participate to AfrikaBurn, Crème Brûlée, Borderlands
- September looks like the best bet for weather and other burns.
- June looks like the best bet for parent burners with children and students
- Burning Man (BRC) dates to consider. Perhaps they'll end up changing their dates themselves?"
62f06e75-3940-4c21-b66e-5436d1d406af,2026-08-25T12:23:57Z,es,Anonymous,builder-barrio|other-burns,event,event,event,event,event,cannot,cannot,cannot,cannot,cannot,event,event,event,event,event,event,
c1129a0f-5a18-4e18-bf0d-ef5df1e21778,2026-08-25T12:27:09Z,en,Identified,want-to-come|strike,build-event|event,cannot,cannot,event|org-strike,build-event|event|org-strike,build-event|event|org-strike,event,event,event,event,build-event|event|org-strike,build-event|event|org-strike,build-event|event|org-strike,cannot,cannot,cannot,"Plan to join for part of build only, but full strike"
abe7419e-10a1-465a-996a-f83fa95305cb,2026-08-25T12:28:49Z,en,Anonymous,want-to-come|strike|other-burns,cannot,cannot,cannot,cannot,cannot,cannot,cannot,build-barrio|event|org-strike,cannot,build-barrio|event|org-strike,cannot,cannot,build-barrio|event|org-strike,cannot,cannot,cannot,No
2c62c28f-ae97-45bd-823f-f8756a7eb9ea,2026-08-25T12:29:52Z,en,Anonymous,want-to-come|builder-org|builder-barrio|other-burns,build-barrio|build-event|cannot|event|org-strike,build-barrio|build-event|event,cannot,build-barrio|event|org-strike,build-barrio|build-event|cannot|event|org-strike,build-barrio|build-event|event,build-barrio|build-event|event,cannot,cannot,build-barrio|build-event|event|org-strike,build-barrio|build-event|event|org-strike,build-barrio|build-event|event|org-strike,build-barrio|build-event|event|org-strike,build-barrio|build-event|event|org-strike,build-barrio|build-event|event|org-strike,build-barrio|build-event|event|org-strike,"No for me: 
- Overlap with Norway day (May 17th — everyone should experience this at least once)
- Glastonbury end of June — many UK burners have struggled with the overlap before (they’re last weekend of June, we were first full week of July, this is not always a week apart and build weekend was Glasto several years recently.) "
0df2d53f-b3d7-46ce-9207-10d2704d9324,2026-08-25T12:31:06Z,it,Anonymous,want-to-come|builder-barrio|other-burns,event,cannot,cannot,build-event,event,cannot,cannot,build-event,event,event,cannot,cannot,cannot,cannot,cannot,cannot,"Penso che siamo tutti abituati alle date, come le abbiamo sempre fatte"
279a1fda-a52d-4d9d-9f25-2779b9bae04c,2026-08-25T12:33:47Z,en,Identified,builder-barrio,cannot,cannot,cannot,cannot,event,build-barrio|build-event|event|org-strike,build-barrio|build-event|event|org-strike,build-barrio|build-event|event,event,event,build-barrio|build-event|event,event,cannot,cannot,cannot,cannot,earlier seems better than later in terms of the work year and the pressure of starting back with force at the start of September. Cavest: doing it in the desert with some heat seems to be an important part of the experience for many
9be37d7e-9cf9-4547-bd80-90364c62371f,2026-08-25T12:36:18Z,it,Anonymous,want-to-come|other-burns,cannot,cannot,cannot,cannot,cannot,build-barrio|event,cannot,cannot,cannot,cannot,cannot,build-barrio|event,cannot,cannot,event,cannot,too hot in july and fire risks
a2aac198-bd03-4c2b-b71a-29db03b19400,2026-08-25T12:51:10Z,en,Identified,want-to-come|builder-barrio,event,event,event,event,event,event,event,event,build-barrio|event,build-barrio|event,cannot,cannot,event,event,event,event,
24ab4d2c-47a3-42b5-bac0-adc4fe022441,2026-08-25T12:55:01Z,en,Anonymous,want-to-come,event,event,event,event,event,event,event,cannot,cannot,cannot,event,event,cannot,cannot,cannot,cannot,
7a8fbaa4-62ba-49a6-81b0-094093de770f,2026-08-25T13:04:22Z,fr,Anonymous,builder-barrio,event,event,event,event,event,cannot,cannot,cannot,cannot,cannot,cannot,cannot,cannot,cannot,cannot,cannot,
d0fba855-3b41-4ae8-b6d3-1f8d21b11b08,2026-08-25T13:04:44Z,en,Identified,want-to-come,cannot,cannot,cannot,cannot,cannot,cannot,cannot,cannot,event,event,event,event,cannot,cannot,cannot,cannot,
784b6423-9dea-4c7e-976e-c4e13d968e51,2026-08-25T13:04:45Z,en,Anonymous,builder-barrio,cannot,cannot,cannot,cannot,cannot,build-barrio|event,build-barrio|event,build-barrio|event,cannot,cannot,build-barrio|event,build-barrio|event,cannot,cannot,cannot,cannot,I would hope Nowhere is still warm and not too wet. I am up for the experiment. I can't commit to event build or strike at this time due to family obligations. (It seems it is required to put cannot come for the dates I don't vote for based on weather)
c39f23ea-57f1-4356-8341-1af46b185058,2026-08-25T13:22:00Z,en,Identified,want-to-come|builder-org|other-burns,cannot,cannot,cannot,cannot,build-event|event,build-event|event,cannot,cannot,cannot,cannot,build-event|event,build-event|event,cannot,cannot,cannot,cannot,"One thing worth keeping in mind when choosing the dates: the Monegros can get really, really cold in both May and October — especially at night. Given that we’ll be living outdoors in the desert, weather and nighttime temperatures should definitely be part of the equation."
2dd1c805-1b5e-451e-adb5-15edc2bee931,2026-08-25T13:31:40Z,en,Anonymous,want-to-come|builder-barrio|strike|other-burns,build-barrio|event,event,event,event,event,event,event,build-barrio|event|org-strike,build-barrio|event|org-strike,build-barrio|event|org-strike,cannot,cannot,cannot,cannot,cannot,cannot,"- Early May can be interesting for France because there are a lot of Unworked day. Some of them fixed (1st of May, 8th of May), some of them depend on the year (Ascension Day, 6th of May in 2027).
- In general: easier to take more time off (build/strike) when other people are off too. Hence July. But this is the core moment for wildfire risks..."
244d4e9e-e9e7-4562-a83a-b7b8c430c718,2026-08-25T13:49:33Z,fr,Identified,want-to-come|builder-barrio,cannot,cannot,cannot,cannot,cannot,cannot,cannot,cannot,cannot,cannot,cannot,cannot,cannot,build-barrio|build-event|event|org-strike,build-barrio|build-event|event|org-strike,cannot,
529a0e2a-6fc0-451f-bc0f-9e6fc4ab3516,2026-08-25T14:01:39Z,en,Identified,want-to-come|builder-barrio|strike,cannot,cannot,cannot,cannot,build-barrio,build-barrio|event,build-barrio|event,build-barrio|event|org-strike,build-barrio|event|org-strike,build-barrio|event|org-strike,event|org-strike,event|org-strike,cannot,cannot,cannot,cannot,
8589e171-afca-409d-a68b-a9eb8e4a6d5f,2026-08-25T14:04:08Z,en,Anonymous,want-to-come|builder-barrio,cannot,cannot,cannot,cannot,cannot,cannot,cannot,cannot,cannot,cannot,build-barrio|build-event|event,build-barrio|build-event|event|org-strike,event|org-strike,org-strike,org-strike,org-strike,
3041c25e-69d4-45f2-b882-ff2a475e6041,2026-08-25T14:43:36Z,es,Anonymous,want-to-come,event,event,event,event,event,event,event,event,cannot,cannot,event,event,cannot,event,event,event,
95d69167-0691-4ed3-9b63-fbac40de5a7d,2026-08-25T14:50:20Z,en,Anonymous,builder-barrio,cannot,cannot,cannot,cannot,cannot,cannot,cannot,build-barrio,build-barrio|event,build-barrio|event|org-strike,build-barrio|event|org-strike,event|org-strike,org-strike,cannot,cannot,cannot,
32c3b07d-8a5c-40ba-95df-60439b7946e6,2026-08-25T14:50:49Z,it,Anonymous,want-to-come,cannot,cannot,cannot,cannot,event,event,cannot,cannot,cannot,cannot,cannot,event,cannot,cannot,cannot,cannot,
9f405a6b-8170-458c-b69c-9cc48b429e24,2026-08-25T14:52:09Z,en,Identified,want-to-come|builder-barrio,cannot,cannot,cannot,cannot,build-barrio|event,build-barrio|event,build-barrio|event,build-barrio|event,cannot,cannot,build-barrio|event,build-barrio|event,build-barrio|event,cannot,cannot,cannot,
ddda6124-c39a-4eb1-985f-ca5118170ab9,2026-08-25T14:52:54Z,en,Anonymous,want-to-come,build-barrio|event|org-strike,build-barrio|event|org-strike,build-barrio|event|org-strike,build-barrio|event|org-strike,build-barrio|event|org-strike,build-barrio|event|org-strike,build-barrio|event|org-strike,cannot,cannot,cannot,cannot,build-barrio|build-event|event|org-strike,build-barrio|build-event|event|org-strike,build-barrio|build-event|event|org-strike,cannot,cannot,"I dont have specific plans, but i'd welcome Elsewhere to be in a less problematic weather"
c261152b-bf3e-4cf3-bbd7-9a0ee0d44ef5,2026-08-25T14:53:07Z,en,Anonymous,want-to-come|builder-barrio|other-burns,build-barrio|build-event|event|org-strike,build-barrio|build-event|event|org-strike,cannot,cannot,cannot,build-barrio|build-event|event|org-strike,build-barrio|build-event|event|org-strike,cannot,cannot,cannot,cannot,cannot,cannot,cannot,build-barrio|build-event|event|org-strike,build-barrio|build-event|event|org-strike,Don't clash with Burning Nest!!
0907d74d-fb83-4f33-b6a8-e3bf72683c56,2026-08-25T14:54:48Z,en,Anonymous,want-to-come|other-burns,cannot,cannot,cannot,cannot,event,event,event,event,cannot,event,event,event,cannot,cannot,cannot,cannot,
862442e0-7577-4806-b840-c31d05cc92c3,2026-08-25T14:56:08Z,en,Anonymous,want-to-come,cannot,cannot,build-barrio|build-event|org-strike,build-barrio|build-event|org-strike,build-event|event,build-barrio|build-event|event|org-strike,cannot,cannot,cannot,cannot,cannot,build-barrio|build-event|event|org-strike,build-barrio|build-event|event|org-strike,cannot,cannot,cannot,
9d14440f-db4b-454d-817a-c51ef5a1e114,2026-08-25T14:57:30Z,es,Anonymous,want-to-come|strike,cannot,cannot,cannot,cannot,cannot,cannot,cannot,cannot,build-event,event,org-strike,cannot,cannot,cannot,cannot,cannot,
bbfc4135-9195-42f9-8838-0fdbae17412f,2026-08-25T14:59:05Z,en,Identified,want-to-come|builder-org,build-barrio|build-event|event|org-strike,build-barrio|build-event|event|org-strike,build-barrio|build-event|event|org-strike,build-barrio|build-event|event|org-strike,build-barrio|build-event|event|org-strike,build-barrio|build-event|event|org-strike,build-barrio|build-event|event|org-strike,cannot,cannot,cannot,build-barrio|build-event|event|org-strike,build-barrio|build-event|event|org-strike,build-barrio|build-event|event|org-strike,build-barrio|build-event|event|org-strike,cannot,cannot,
b7dfba97-79c6-4664-ac48-4f5fa931c2f5,2026-08-25T14:59:47Z,en,Anonymous,want-to-come|builder-barrio|strike|other-burns,cannot,cannot,build-barrio|event|org-strike,build-barrio|event|org-strike,build-barrio|event|org-strike,build-barrio|event|org-strike,cannot,cannot,cannot,cannot,cannot,build-barrio|event|org-strike,cannot,cannot,build-barrio|event|org-strike,build-barrio|event|org-strike,"Rather in SPRING, than in OCTOBER. Also, don´t forget about the Burning Man week. People need time to recover and / or still traveling after the journey. Beginning of June would be purrrrrrfect!"
f20670b5-9ae8-4c50-9c5b-1c93897560f0,2026-08-25T15:00:08Z,en,Anonymous,want-to-come|builder-barrio|other-burns,cannot,cannot,cannot,cannot,cannot,event,event,cannot,cannot,cannot,event,build-barrio|event,build-barrio|event,build-barrio|event,cannot,cannot,
0f6ac967-b7d7-44c2-9a43-4d2b6a2ca5b0,2026-08-25T15:02:43Z,en,Identified,want-to-come|other-burns,event,cannot,cannot,cannot,cannot,cannot,cannot,cannot,cannot,event,cannot,event,event,cannot,cannot,cannot,
cbe31d33-9a6d-4296-992c-3173d67ac4bf,2026-08-25T15:03:03Z,en,Anonymous,want-to-come|builder-barrio,build-barrio|event|org-strike,build-barrio|event|org-strike,build-barrio|event|org-strike,build-barrio|event|org-strike,build-barrio|event|org-strike,build-barrio|event|org-strike,build-barrio|event|org-strike,build-barrio|event|org-strike,event,event,cannot,cannot,cannot,cannot,cannot,cannot,
e303eebe-3a66-4e77-861d-e395a8fd2c0b,2026-08-25T15:03:07Z,fr,Anonymous,want-to-come,cannot,cannot,cannot,cannot,event,cannot,cannot,cannot,cannot,event,cannot,event,event,event,event,event,
1d4f219f-f23c-44f4-9d02-5cd59ef4cd40,2026-08-25T15:04:16Z,en,Identified,want-to-come|builder-barrio|strike|other-burns,cannot,cannot,cannot,cannot,event,build-barrio|event|org-strike,build-barrio|event|org-strike,build-barrio|event|org-strike,build-barrio|event|org-strike,build-barrio|event|org-strike,build-barrio|event|org-strike,event,event,cannot,cannot,cannot,"The heat is part of the magic, beginning of May and end of September are too cold.
Safety third (of course).
Nordic Midsummer is ~26.6 which might reduce the amount of Burners"
e9c15ee2-c994-4e3e-ac86-9d8c250a1c14,2026-08-25T15:05:56Z,en,Anonymous,want-to-come|builder-barrio|other-burns,build-barrio|event|org-strike,build-barrio|event|org-strike,build-barrio|event|org-strike,build-barrio|event|org-strike,build-barrio|event|org-strike,build-barrio|event|org-strike,cannot,cannot,cannot,cannot,cannot,cannot,cannot,cannot,cannot,cannot,
9faf18f9-1f19-46ef-aead-060bf80e40a6,2026-08-25T15:06:26Z,en,Identified,want-to-come|builder-org|other-burns,build-event|event,build-event|event,build-event|event,build-event|event,build-event|event,build-event|event,cannot,cannot,cannot,cannot,build-event|event,build-event|event,build-event|event,build-event|event,build-event|event,build-event|event,
bd212969-0e65-4c83-985a-9391279e9377,2026-08-25T15:09:25Z,es,Anonymous,want-to-come,cannot,cannot,cannot,event,event,event,cannot,cannot,cannot,cannot,event,event,cannot,cannot,cannot,cannot,
bebf6b53-8b2b-431d-a375-ace7d0864590,2026-08-25T15:09:54Z,en,Anonymous,want-to-come|builder-barrio|other-burns,cannot,cannot,cannot,cannot,cannot,cannot,cannot,cannot,cannot,cannot,cannot,build-barrio|build-event|event|org-strike,build-barrio|build-event|event|org-strike,build-barrio|build-event|event|org-strike,build-barrio|build-event|event|org-strike,build-barrio|build-event|event|org-strike,
029345bc-f233-4ae6-827f-fe460237f017,2026-08-25T15:09:56Z,en,Identified,want-to-come|builder-barrio|other-burns,build-barrio|build-event|event|org-strike,build-barrio|build-event|event|org-strike,build-barrio|build-event|event|org-strike,build-barrio|build-event|event|org-strike,build-barrio|build-event|event|org-strike,build-barrio|build-event|event|org-strike,build-barrio|build-event|event|org-strike,build-barrio|build-event|event|org-strike,build-barrio|build-event|event,build-barrio|build-event|event,build-barrio|build-event|event|org-strike,build-barrio|build-event|event|org-strike,build-barrio|build-event|event|org-strike,build-barrio|build-event|event|org-strike,build-barrio|build-event|event,build-barrio|build-event|event,
4735aa88-9f6d-436a-9b96-2eccc2e03e0f,2026-08-25T15:10:45Z,en,Identified,want-to-come|strike|other-burns,build-barrio|build-event|event|org-strike,build-barrio|build-event|event|org-strike,build-barrio|build-event|event|org-strike,build-barrio|build-event|event|org-strike,build-barrio|build-event|event|org-strike,build-barrio|build-event|event|org-strike,build-barrio|build-event|event|org-strike,build-barrio|build-event|event|org-strike,cannot,cannot,build-barrio|build-event|event|org-strike,build-barrio|build-event|event|org-strike,build-barrio|build-event|event|org-strike,build-barrio|build-event|event|org-strike,build-barrio|build-event|event|org-strike,build-barrio|build-event|event|org-strike,
400fa890-2e21-47a4-9ace-825847f64753,2026-08-25T15:11:28Z,fr,Identified,want-to-come,cannot,cannot,cannot,cannot,event,event,event,event,event,event,event,event,cannot,cannot,cannot,cannot,
7e13221d-e106-4534-a0d1-461da78a0219,2026-08-25T15:12:02Z,en,Identified,want-to-come,cannot,cannot,event,event,event,event,build-barrio|event,event,cannot,cannot,cannot,cannot,cannot,cannot,cannot,cannot,I am fully in support of moving the dates to ones with less fire risk
d4be60b0-84f7-4e29-884b-51265d3441e9,2026-08-25T15:13:26Z,fr,Anonymous,want-to-come|builder-barrio,event,cannot,cannot,event,event,event,event,event,event,event,event,event,event,build-barrio|event,build-barrio|event,build-barrio|event,"I would like to experience new conditions for the future of Nowhere/Elsewhere, such as colder nights, including if it gets very cold, a new kind of extremes. And this happens in late Autumn.
For the heat waves we've had in 2025 and 2026, it's probably getting worse. I am OK with having a Nowhere during heat waves, but I suffer from the risk of fires and the negative impact a community of Nobodies could eventually have on the environment. At some point, keeping the same dates for Nowhere when the risk of wildfires is becoming higher, doesn't match the basic principles of Nowhere anymore"
cc7fd50e-d83f-4f18-b19f-5530631410ad,2026-08-25T15:14:48Z,en,Identified,want-to-come|other-burns,build-barrio|build-event|event,build-barrio|build-event|event,build-barrio|build-event|event,build-barrio|build-event|event,build-barrio|build-event|event,build-barrio|build-event|event,build-barrio|build-event|event,build-barrio|build-event|event,event,event,build-barrio|build-event|event,build-barrio|build-event|event,build-barrio|build-event|event,build-barrio|build-event|event,build-barrio|build-event|event,event,
520f6527-a2ba-4979-ad5f-824de104d96a,2026-08-25T15:17:45Z,en,Identified,strike,build-barrio|build-event|event|org-strike,build-barrio|build-event|event|org-strike,build-barrio|build-event|event|org-strike,build-barrio|build-event|event|org-strike,build-barrio|build-event|event|org-strike,build-barrio|build-event|event|org-strike,cannot,cannot,cannot,cannot,build-barrio|build-event|event|org-strike,cannot,cannot,cannot,cannot,cannot,It must be not so hot+ not rainy =)
d44b24b2-da67-4a1f-94e3-ad9f32145a8c,2026-08-25T15:19:03Z,en,Anonymous,want-to-come|other-burns,build-event,build-event,event,event,event,event,event,event,cannot,cannot,cannot,cannot,cannot,cannot,cannot,cannot,
f6092ea8-4bf7-4f14-90fa-f30dd5709d47,2026-08-25T15:19:12Z,es,Anonymous,want-to-come|strike|other-burns,event|org-strike,event|org-strike,event|org-strike,event|org-strike,event|org-strike,event|org-strike,event,event,cannot,cannot,event,event,event,event,event,event,
c1e21e4e-b77e-40c8-933e-ba81e57809b9,2026-08-25T15:22:46Z,fr,Anonymous,want-to-come|other-burns,event,event,event,event,event,event,cannot,event,cannot,cannot,event,event,event,event,event,event,
fdfb03a3-4d4d-4111-9fe7-3aecaea94d00,2026-08-25T15:25:01Z,en,Anonymous,want-to-come|other-burns,event,event,event,event,event,event,event,cannot,cannot,cannot,event,event,event,event,event,event,
89703779-245c-4de6-9cdf-bb1722273a01,2026-08-25T15:25:20Z,en,Anonymous,want-to-come|other-burns,cannot,cannot,event,event,event,event,org-strike,org-strike,org-strike,org-strike,event,event,event,event,event,event,
3b501c96-65fb-4a6d-a245-06a89b2568c0,2026-08-25T15:28:46Z,en,CompletionTracked,want-to-come|other-burns,build-barrio|build-event|event,build-barrio|build-event|event,build-barrio|build-event|event,cannot,cannot,event,event,build-barrio|build-event|event,cannot,event,cannot,build-barrio|build-event|event,build-barrio|build-event|event,build-barrio|build-event|event,build-barrio|build-event|event,build-barrio|build-event|event,
cd06b838-ae5c-433f-9f01-36e6e49acca4,2026-08-25T15:31:21Z,en,Anonymous,want-to-come|other-burns,event,event,event,event,event,event,event,cannot,cannot,cannot,event,event,event,event,event,event,
4d7dc45a-feb9-4244-ab24-cc15a9db059c,2026-08-25T15:33:14Z,en,Identified,want-to-come|builder-barrio|other-burns,cannot,cannot,cannot,cannot,build-barrio|build-event|org-strike,build-barrio|build-event|event|org-strike,build-barrio|build-event|event|org-strike,build-barrio|build-event|event|org-strike,org-strike,cannot,cannot,cannot,cannot,cannot,cannot,cannot,
038e7f7b-c1cc-4f3e-b8ff-ade160d7b077,2026-08-25T15:38:26Z,en,Identified,want-to-come|builder-barrio,cannot,cannot,cannot,cannot,cannot,build-barrio|event,build-barrio|event,build-barrio|event,cannot,cannot,build-barrio|event,build-barrio|event,cannot,cannot,cannot,cannot,
afbe646e-0723-4129-aaf6-ff86c2b366d4,2026-08-25T15:38:57Z,es,Anonymous,want-to-come|builder-org|other-burns,cannot,cannot,cannot,cannot,event,event,event,event,build-event|event,build-event|event,event,event,event,cannot,cannot,cannot,What's a wet desert? No point in having a burn in mild weather. Go to kindergarten if you're so fragile.
467cae65-973f-41be-9e41-a16c43375f6a,2026-08-25T15:43:01Z,en,Anonymous,other-burns,event,event,event,event,event,cannot,cannot,cannot,cannot,cannot,cannot,event,event,event,cannot,cannot,
2b541dc6-9ff1-4ca2-8c1e-acef40527c27,2026-08-25T15:44:44Z,en,Identified,want-to-come|builder-barrio|other-burns,build-barrio|event,build-barrio|event,build-barrio|event,build-barrio|event,build-barrio|event,build-barrio|event,build-barrio|event,build-barrio|event,build-barrio|event,build-barrio|event,build-barrio|event,build-barrio|event,build-barrio|event,build-barrio|event,build-barrio|event,build-barrio|event,"The only dates I LIKE are early to mid September. To keep as much of the hot desert vibe as possible, while also being able to go to Kiezburn in June.

But I'll come no matter when it is."
16cd5508-f575-4405-8653-d34f51597c92,2026-08-25T15:45:49Z,en,Anonymous,want-to-come|builder-barrio,cannot,cannot,build-barrio|event,build-barrio|event,build-barrio|event,cannot,cannot,cannot,cannot,cannot,build-barrio|event,cannot,build-barrio|event,cannot,build-barrio|event,build-barrio|event,"Between 4th-17th October would seem like the best time both in terms of weather and not having any other burns clashing with Elsewhere! 
It would feel unfair to anyone coming from the same region of any regional burns happening, to exclude them by having Elsewhere happen on the same week."
efc1e0dd-95b3-4b53-af14-8fefc1af0b4d,2026-08-25T15:45:50Z,en,Anonymous,want-to-come|other-burns,build-event|event,build-event|event,build-event|event,build-event|event,build-event|event,build-event|event,build-event|event,build-event|event,build-event|event,build-event|event,cannot,cannot,cannot,cannot,cannot,cannot,"Rosh Hashanah is going to be from October 1-3 2027 and Yom Kippur will be from October 10 to October 11. 
Radical Inclusion is one of the 11 Principles - it is not inclusive or culturally sensitive to schedule a Burn Event on the High Holy Days of a major world religion. Just something to keep in mind. "
4a491c19-a82a-4baf-b92a-67119a5a1df4,2026-08-25T15:46:17Z,de,Anonymous,want-to-come,event,event,event,event,event,event,cannot,cannot,cannot,cannot,cannot,event,event,event,event,cannot,
1664212b-2446-4cf3-886d-333e6a0e0694,2026-08-25T15:46:50Z,fr,Anonymous,want-to-come|builder-barrio,event,event,event,event,cannot,cannot,cannot,cannot,cannot,build-barrio|event,event,build-barrio|event,event,event,event,event,
e965ef62-816f-4052-863d-fd4ed7175a47,2026-08-25T15:48:52Z,fr,Identified,want-to-come|builder-org|builder-barrio|strike|other-burns,build-barrio|build-event|event|org-strike,build-barrio|build-event|event|org-strike,build-barrio|build-event|event,cannot,event|org-strike,build-barrio|event|org-strike,build-barrio|build-event|event|org-strike,build-barrio|build-event|event|org-strike,build-barrio|build-event|event|org-strike,build-barrio|build-event|event|org-strike,build-barrio|build-event|event|org-strike,build-barrio|build-event|event|org-strike,build-barrio|build-event|event|org-strike,build-barrio|build-event|event|org-strike,build-barrio|build-event|event|org-strike,build-barrio|build-event|event|org-strike,
4194d50e-95f6-4725-8180-ea7b49d0012a,2026-08-25T15:49:02Z,en,Identified,want-to-come|builder-barrio|other-burns,cannot,cannot,cannot,cannot,cannot,cannot,event,event,build-barrio|event,build-barrio|event,event,build-barrio|event|org-strike,build-barrio|event|org-strike,build-barrio|event|org-strike,build-barrio|event|org-strike,build-barrio|event|org-strike,"I really hope that the event can move to later in the year, rather than before the usual Nowhere dates. May and June are such busy months for other burn events, work commitments and preparation restrictions for some of our key barrio people. Looking at all the information provided, mid to late September and into October seems to be a great period to move the event to. Thank you for all the work!!"
7da550e8-6e31-4441-a931-0d5cb9bfd33e,2026-08-25T15:49:08Z,en,Anonymous,want-to-come,event,event,event,event,event,event,cannot,cannot,cannot,cannot,cannot,event,event,event,event,event,
4afd9c00-c212-4dc3-a4c3-076df94b42ac,2026-08-25T15:55:24Z,en,Anonymous,want-to-come|builder-org|builder-barrio|strike|other-burns,cannot,cannot,cannot,cannot,cannot,build-barrio|build-event,build-barrio|build-event,event,event|org-strike,event|org-strike,cannot,cannot,cannot,cannot,cannot,cannot,"Please, it would be great to clear the Burning Man dates, the preparation time, and the strike, the LNT . BM is a parent to Nowhere/ Elsewhere. Both events are nurishing from each other and it would be very hard for the burner community to have to chose in between both."
78e91253-1f33-4050-9dec-41217df4b9e0,2026-08-25T15:59:07Z,en,Anonymous,want-to-come|builder-barrio,build-barrio|event|org-strike,build-barrio|event|org-strike,cannot,cannot,build-barrio|event|org-strike,cannot,cannot,cannot,cannot,cannot,cannot,cannot,cannot,cannot,cannot,cannot,
10fa3888-8ee6-4141-9cce-1f1e97f1a0f7,2026-08-25T15:59:33Z,en,Anonymous,want-to-come|builder-barrio|other-burns,cannot,cannot,cannot,build-barrio|build-event|event|org-strike,build-barrio|build-event|event|org-strike,build-barrio|build-event|event|org-strike,build-barrio|build-event|event|org-strike,build-barrio|build-event|event|org-strike,build-barrio|build-event|event|org-strike,event,build-barrio|build-event|event|org-strike,build-barrio|build-event|event|org-strike,build-barrio|build-event|event|org-strike,org-strike,cannot,cannot,
c6b50810-2d65-47e7-8f96-5a18bc914ddf,2026-08-25T16:05:01Z,en,Anonymous,want-to-come|builder-org|builder-barrio|strike|other-burns,cannot,cannot,cannot,cannot,cannot,cannot,cannot,cannot,cannot,cannot,cannot,cannot,cannot,cannot,build-barrio|build-event|event|org-strike,build-barrio|build-event|event|org-strike,"There are no other burns happening in October, and the weather is still nice but not too hot. October is a quiet month compared to spring and summer months overall. For example this year 2026 it was so close to Borderland date-wise that I chose Borderland. From my point of view October would be perfect! <3"
edc9be9d-7f00-4778-ac03-8a26ebd224d4,2026-08-25T16:13:46Z,fr,Anonymous,want-to-come|other-burns,event,event,cannot,cannot,event,event,event,event,event,event,event,event,event,event,event,event,"Ce serait vraiment bien de ne pas empiéter sur Crème Brûlée. Pour ma part, je ferai primer Crème Brûlée sur Elsewhere."
8d166409-a9bb-469b-8348-abbf1a6e1b43,2026-08-25T16:16:11Z,fr,Identified,want-to-come|builder-org|builder-barrio,cannot,cannot,cannot,cannot,cannot,cannot,cannot,build-barrio|build-event|event,build-barrio|build-event|event,build-barrio|build-event|event,build-barrio|build-event|event,build-barrio|build-event|event,cannot,cannot,cannot,cannot,"I'm a co-lead, so I have too many commitments before May 24th. After that, I'd have very little time to prepare for Elsewhere if I also want to come back for the build; the ideal dates range would be between June 21st and September 13th."
cf03f2a7-b279-4715-9ebf-0f87fe160b05,2026-08-25T16:27:51Z,es,Anonymous,want-to-come,cannot,cannot,cannot,build-barrio|build-event,build-barrio|build-event|event,event,org-strike,cannot,cannot,cannot,build-event,build-barrio|event,org-strike,cannot,cannot,cannot,
22062f01-9183-4cc4-b956-ee3ff41f2d9f,2026-08-25T16:29:33Z,fr,Anonymous,want-to-come|other-burns,event,event,event,event,event,event,cannot,cannot,cannot,cannot,cannot,event,event,event,event,event,
2aa51817-814c-4cc4-92aa-05ebfd695199,2026-08-25T16:29:33Z,en,Identified,want-to-come|builder-org|other-burns,cannot,cannot,cannot,cannot,build-event|event,build-event|event,build-event|event,build-event|event,build-event|event,build-event|event,build-event|event,build-event|event,build-event|event,cannot,cannot,cannot,"Late Sep - October is already ""too cold"" to keep the playful hot desert vibe"
dc49fdfb-c22a-4fe5-a239-221cde78c80d,2026-08-25T16:29:47Z,fr,Anonymous,want-to-come|other-burns,event,event,event,event,event,event,cannot,cannot,cannot,cannot,event,event,cannot,cannot,cannot,cannot,
9f5a0067-c0ed-46b0-ae53-4f6f5a90363e,2026-08-25T16:30:48Z,en,Identified,want-to-come|builder-barrio,build-event|event,build-event|event,build-event|event,build-event|event,build-event|event,build-event|event,build-event|event,build-event|event,build-event|event,build-event|event,build-event|event,cannot,cannot,cannot,cannot,cannot,"Moving it to early/mid June would likely help with reducing wildfire risk, avoid insanely hot temperatures and avoid overlap with other major burns"
7043bef6-94d1-4aef-8e54-64f7e53d97fd,2026-08-25T16:32:08Z,de,Anonymous,want-to-come,cannot,cannot,cannot,cannot,cannot,cannot,cannot,cannot,cannot,event,cannot,cannot,cannot,cannot,cannot,event,
ffc2f189-1c4c-4b44-8811-4e2467cd1912,2026-08-25T16:35:22Z,en,Anonymous,want-to-come|other-burns,event,event,event,event,cannot,cannot,cannot,cannot,cannot,cannot,event,event,event,event,event,event,It was verry veryy hot this year during the event. And i know that week before it was even hotter. 
9e8591a2-2533-4c33-b6e0-ab3d5b133cc4,2026-08-25T16:39:09Z,en,CompletionTracked,want-to-come|builder-barrio,build-barrio|build-event|event,cannot,cannot,build-barrio|event,event,event,cannot,cannot,cannot,cannot,event,event,build-barrio|build-event|event,build-barrio|build-event|event,build-barrio|build-event|event,event,
84d042d5-540a-4c52-9d9a-98b22d8d2b8b,2026-08-25T16:40:09Z,en,Anonymous,want-to-come|other-burns,cannot,cannot,cannot,cannot,cannot,cannot,cannot,cannot,cannot,cannot,cannot,cannot,event,event,event,event,
6281fb78-dfe9-43ec-ac84-bd4ca81a8561,2026-08-25T16:45:33Z,fr,Anonymous,want-to-come|builder-barrio|strike|other-burns,cannot,cannot,cannot,cannot,cannot,cannot,cannot,cannot,cannot,event|org-strike,event|org-strike,build-barrio|event|org-strike,build-barrio|event|org-strike,build-barrio|event|org-strike,build-barrio|event|org-strike,build-barrio|event|org-strike,
d87e37f2-f9ce-48f8-8d28-0c1303d84252,2026-08-25T16:46:09Z,en,Anonymous,other-burns,build-barrio|event,build-barrio|event,build-barrio|event,cannot,cannot,cannot,build-barrio|build-event|event|org-strike,build-barrio|build-event|event|org-strike,build-barrio|build-event|event|org-strike,cannot,cannot,cannot,build-barrio|build-event|event|org-strike,build-barrio|build-event|event|org-strike,build-barrio|build-event|event|org-strike,build-barrio|build-event|event|org-strike,
a471fc0f-ac9b-4f42-b5cb-c74c7d3db4d9,2026-08-25T16:51:28Z,en,Identified,want-to-come|builder-barrio|other-burns,build-barrio|event,build-barrio|event,build-barrio|event,build-barrio|event,build-barrio|event,build-barrio|event,build-barrio|event,cannot,cannot,cannot,cannot,cannot,cannot,cannot,cannot,cannot,
20d372df-5a61-4933-bf73-47cb6916a8ee,2026-08-25T16:52:33Z,en,Anonymous,builder-org,cannot,cannot,build-barrio|build-event|event|org-strike,build-barrio|build-event|event|org-strike,build-barrio|build-event|event|org-strike,build-barrio|build-event|event|org-strike,build-barrio|build-event|event|org-strike,build-barrio|build-event|event|org-strike,build-barrio|build-event|event|org-strike,build-barrio|build-event|event|org-strike,build-barrio|build-event|event|org-strike,build-barrio|build-event|event|org-strike,cannot,cannot,cannot,cannot,
49034446-6fb6-4ae5-b54b-0538d2e77b94,2026-08-25T16:52:33Z,en,Identified,want-to-come|builder-org|builder-barrio|strike,event,event,event,event,event,event,event,event,event,event,event,event,event,event,event,event,
e74ff730-711b-48e9-a867-02604fdd4fe7,2026-08-25T16:54:04Z,es,Anonymous,want-to-come|builder-barrio,cannot,cannot,cannot,cannot,build-event,build-barrio|build-event,build-barrio|build-event|event,event|org-strike,cannot,cannot,cannot,build-barrio|build-event,build-barrio|build-event|event,org-strike,cannot,cannot,"Lo único que se me ocurre es adelantarlo un poco y sobrevivir en julio (no sé dónde...), y atrasarlo a final de agosto, porque entre polvo y tormentas puede ser más interesante y emocionante (pero no se plantea agosto)
Gracias por la iniciativa."
d2b5f4f7-3f5b-4734-aae5-73220d910f61,2026-08-25T17:04:38Z,en,Identified,want-to-come|builder-org|builder-barrio|other-burns,cannot,cannot,cannot,cannot,cannot,cannot,cannot,cannot,cannot,cannot,cannot,build-barrio|build-event|event,build-barrio|build-event|event,build-barrio|build-event|event,cannot,cannot,I want avg low temp not under 15
8612a804-7fbb-4583-b881-2186600258d9,2026-08-25T17:04:50Z,en,CompletionTracked,want-to-come|builder-org,cannot,cannot,cannot,cannot,cannot,cannot,cannot,cannot,cannot,cannot,cannot,build-barrio|build-event,build-barrio|build-event|event,build-barrio|build-event|event,build-barrio|build-event|event,event,
9304a65c-33f5-4430-a5e3-6f0cb832f69d,2026-08-25T17:18:00Z,en,Anonymous,want-to-come|builder-barrio,build-barrio|event,build-barrio|event,build-barrio|event,build-barrio|event,build-barrio|event,build-barrio|event,event,event,cannot,cannot,cannot,cannot,cannot,cannot,cannot,cannot,
8784d96c-2c43-4c13-a2b1-175eedcca6e0,2026-08-25T17:18:33Z,es,Identified,want-to-come,event,event,event,event,event,event,event,event,event,event,event,cannot,cannot,cannot,cannot,cannot,"I think the date should be as close toJuly as possible.Before July it would be better.  In September, it can even get cold,  I am from Monegros. I know. And I think it’s very important at Elsewhere that you can wear light clothing or go naked. 
I point out that I’ve ruled out the weeks in September because of work. Thank you!!!"
21bcc15d-2bec-4795-a708-8d9ccc07ca79,2026-08-25T17:26:49Z,fr,Identified,want-to-come|other-burns,build-barrio|build-event|event|org-strike,build-barrio|build-event|event|org-strike,build-barrio|build-event|event|org-strike,build-barrio|build-event|event|org-strike,build-barrio|build-event|event|org-strike,cannot,cannot,cannot,cannot,cannot,cannot,build-barrio|build-event|event|org-strike,build-barrio|build-event|event|org-strike,build-barrio|build-event|event|org-strike,cannot,cannot,I think ymthe heat will be go worth and worth each year and we need to change the dates before it become a safety risk for the participants. 
40dc6de6-f66c-49af-961d-4e7c0918f8cf,2026-08-25T17:26:53Z,en,Identified,want-to-come|other-burns,cannot,cannot,cannot,cannot,event,event,event,cannot,cannot,cannot,cannot,cannot,cannot,cannot,cannot,cannot,"I'm coming from the Uk, and the uk burn is mid May i think, or 3rd week, so I'd come after that. "
418c6707-491a-465c-9fd5-d9749184ea94,2026-08-25T17:38:24Z,en,Anonymous,want-to-come|other-burns,event,event,event,event,event,event,cannot,cannot,cannot,cannot,cannot,event,event,event,event,event,"I do physically demanding work at the event, and I feel like it's extremely risky from heat. Stroke perspective to be doing physical work in 40°C, weather "
13228223-e247-42b0-ba1c-720b62d34e9b,2026-08-25T17:39:03Z,en,Anonymous,want-to-come|other-burns,build-barrio|event|org-strike,build-barrio|event|org-strike,build-barrio|event|org-strike,build-barrio|event|org-strike,build-barrio|event|org-strike,cannot,cannot,cannot,cannot,cannot,build-barrio|event|org-strike,build-barrio|event|org-strike,build-barrio|event|org-strike,build-barrio|event|org-strike,cannot,cannot,Dutch burner here! Have been wanting to go but it’s too close to Where the sheep sleep or other summer plans. Would love to come in May or September
fca50a38-fdd7-404c-9974-97a103f6a903,2026-08-25T17:45:52Z,fr,Identified,want-to-come|strike,cannot,cannot,cannot,cannot,cannot,cannot,cannot,cannot,cannot,build-event|event|org-strike,cannot,cannot,cannot,cannot,cannot,cannot,Je suis enseignante et ne peux me libérer que l'été. La plupart des propositions ne coïncident pas avec le calendrier scolaire français. J'ai néanmoins conscience des problématiques que ces dates soulèvent...
9f10068f-3cad-456c-b2c9-a4c9b30c2f57,2026-08-25T17:48:26Z,ca,Anonymous,want-to-come|builder-barrio,cannot,cannot,cannot,cannot,cannot,cannot,cannot,cannot,build-barrio|event,build-barrio|event,cannot,cannot,cannot,cannot,cannot,cannot,Availabillty
bf3fb588-bc49-406b-a2fd-9138f21b517e,2026-08-25T17:48:39Z,fr,Anonymous,want-to-come|builder-barrio|other-burns,build-barrio|event,build-barrio|event,build-barrio|event,cannot,cannot,cannot,build-barrio|event,build-barrio|event,build-barrio|event,build-barrio|event,cannot,cannot,cannot,cannot,cannot,cannot,
5b64dcbf-9521-4956-8f04-6ba477aeda28,2026-08-25T17:52:45Z,en,Anonymous,want-to-come,event,event,event,event,event,event,event,cannot|event,cannot,cannot,event,event,event,event,event,event,Maybe to think about a different location 
398b5265-f761-4dda-a6b0-087986c18f1b,2026-08-25T17:54:20Z,fr,Anonymous,want-to-come|builder-barrio,build-barrio,build-barrio|event,build-barrio|event,build-barrio|event,build-barrio|event,event,cannot,cannot,cannot,cannot,cannot,build-barrio|event,build-barrio|event,build-barrio|event,build-barrio|event,build-barrio|event,
ad5ae605-c960-4c72-9a85-a85d295de3ce,2026-08-25T17:57:37Z,fr,Anonymous,want-to-come|other-burns,cannot,cannot,cannot,cannot,cannot,event,event,event,event,event,cannot,cannot,cannot,cannot,cannot,cannot,
736a743c-348a-4524-b602-09a0fb2f9a4c,2026-08-25T18:06:18Z,en,Identified,want-to-come|builder-barrio,cannot,event,event,event,event,event,cannot,cannot,cannot,cannot,event|org-strike,event|org-strike,event,cannot,cannot,cannot,
06b4420b-6c2d-49a0-8746-2ca468b59242,2026-08-25T18:08:41Z,en,Anonymous,want-to-come|other-burns,cannot,event,event,event,event,event,cannot,cannot,cannot,cannot,event,event,event,event,event,event,
b82682d5-7241-41f7-8555-7b1768eb6372,2026-08-25T18:16:12Z,en,Anonymous,want-to-come,cannot,cannot,cannot,cannot,cannot,cannot,cannot,cannot,cannot,cannot,build-barrio|event,cannot,cannot,cannot,cannot,cannot,
3f72a4a0-f7f7-4cec-b32a-eee786b2ad8a,2026-08-25T18:16:35Z,de,Anonymous,want-to-come|builder-barrio|other-burns,cannot,cannot,cannot,cannot,cannot,cannot,cannot,cannot,cannot,cannot,build-barrio|event,cannot,cannot,cannot,cannot,cannot,Thanks for making the Survey - it’s amazing!!!!! I appreciate the work around it <3
17212940-cbe1-4f0f-9761-4dd094d83fad,2026-08-25T18:18:29Z,en,Identified,want-to-come|builder-org|builder-barrio|other-burns,build-barrio|build-event|event,build-barrio|build-event|event,build-barrio|build-event|event,build-barrio|build-event|event,build-barrio|build-event|event,build-barrio|build-event|event,build-barrio|build-event|event,build-barrio|build-event|event,build-barrio|build-event|event,build-barrio|build-event|event,build-barrio|build-event|event,build-barrio|build-event|event,build-barrio|build-event|event,build-barrio|build-event|event,build-barrio|build-event|event,build-barrio|build-event|event,
d9b5822d-1805-4299-b07f-1f2e628affad,2026-08-25T18:26:58Z,fr,Anonymous,want-to-come,build-barrio|build-event|event,build-barrio|build-event|event,build-barrio|build-event|event,build-barrio|build-event|event,build-barrio|build-event|event,cannot,cannot,cannot,cannot,cannot,cannot,build-barrio|build-event|event,build-barrio|build-event|event,build-barrio|build-event|event,build-barrio|build-event|event,build-barrio|build-event|event,
dd4a9595-f878-4590-b6ec-c09cc58c6e00,2026-08-25T18:47:57Z,en,Anonymous,want-to-come|other-burns,cannot,cannot,cannot,cannot,cannot,cannot,cannot,cannot,cannot,event,cannot,cannot,cannot,cannot,cannot,cannot,"I live in New Zealand and come to europe only in summer time, therefore only time I can make it to elsewhere is during the hottest season"
f6b1ffc8-b1a7-4ba7-8996-3e1e18d059bb,2026-08-25T18:58:35Z,en,Anonymous,want-to-come|other-burns,cannot,cannot,build-barrio|org-strike,build-event|cannot,event,cannot,cannot,cannot,cannot,cannot,cannot,event,event,event,cannot,cannot,October ist the best time
82b42152-c60a-4f58-815f-8e2087ef90fc,2026-08-25T19:04:41Z,en,Identified,want-to-come|builder-barrio|strike|other-burns,build-barrio|build-event|event|org-strike,build-barrio|build-event|event|org-strike,build-barrio|build-event|event|org-strike,build-barrio|build-event|event|org-strike,build-barrio|build-event|event|org-strike,build-barrio|build-event|event|org-strike,build-barrio|build-event|event|org-strike,build-barrio|build-event|event|org-strike,build-barrio|build-event|event|org-strike,build-barrio|build-event|event|org-strike,build-barrio|build-event|event|org-strike,build-barrio|build-event|event|org-strike,build-barrio|build-event|event|org-strike,cannot,cannot,cannot,
61fda752-8aa3-45f8-b840-deaa6f4e9849,2026-08-25T19:07:29Z,en,Anonymous,builder-barrio|strike,build-barrio|event|org-strike,build-barrio|event|org-strike,build-barrio|event|org-strike,build-barrio|event|org-strike,build-barrio|event|org-strike,build-barrio|event|org-strike,build-barrio|event|org-strike,build-barrio|event,build-barrio|event,build-barrio|event,build-barrio|event|org-strike,build-barrio|event,build-barrio|event,cannot,cannot,cannot,
69febf92-e66f-4f70-b1c2-5a9aa66b977b,2026-08-25T19:08:12Z,fr,Anonymous,want-to-come,event,event,event,event,event,event,event,event,event,event,cannot,event,event,event,event,event,
e200bfa8-0536-4c4e-b0cf-bf7af3f1f6c1,2026-08-25T19:11:02Z,en,Anonymous,want-to-come,cannot,build-barrio,build-barrio|build-event,build-barrio|build-event|event,build-event|event,event|org-strike,event|org-strike,event|org-strike,cannot|org-strike,cannot,event,event,event,cannot,cannot,cannot,"The current dates (Elsewhere 2026) really is untenable, regarding the heat and circumstances "
49135270-2de9-4d96-bd80-84dfeba70a5b,2026-08-25T19:25:57Z,en,Anonymous,want-to-come|builder-barrio,event,event,event,event,build-barrio|build-event|event|org-strike,build-barrio|build-event|event|org-strike,build-barrio|build-event|event|org-strike,build-barrio|build-event|event|org-strike,cannot,cannot,cannot,cannot,cannot,cannot,cannot,cannot,
afcbdbc4-aac7-4220-aca0-b82d48d44d57,2026-08-25T19:43:52Z,en,Identified,want-to-come|builder-barrio,build-barrio|event,build-barrio|event,build-barrio|event,build-barrio|event,build-barrio|event,build-barrio|event,build-barrio|event,event,cannot,cannot,event,build-barrio|event,build-barrio|event,build-barrio|event,build-barrio|event,build-barrio|event,
682ccba0-b93a-4bf2-8f81-433bf76e5665,2026-08-25T19:51:30Z,en,Identified,want-to-come|other-burns,build-barrio|event,build-barrio|event,build-barrio|event,build-barrio|event,build-barrio|event,build-barrio|event,event,event,event,event,event,cannot,cannot,cannot,cannot,cannot,"I would come in May but I thing holding it the second week of June is my preference.  Keeping it close to the original dates, still summer , but a bit cooler and less risky.  Sept and Oct are personally complex for me so I would be able to attend if it happened those months. "
c7b710c3-19f9-4070-9608-8e79bb6eec5b,2026-08-25T19:57:20Z,fr,Identified,want-to-come|builder-barrio,build-barrio,build-barrio,build-barrio,build-barrio,cannot,cannot,cannot,cannot,cannot,build-barrio,cannot,cannot,cannot,cannot,cannot,cannot,Juin et Septembre sont des périodes trop intenses au travail pour pouvoir envisager un burn. Mai pourrait convenir car beaucoup de jours fériés / vacances pour la France
5bbe3c96-7394-4daf-a1c7-63032693a81e,2026-08-25T20:10:01Z,es,Anonymous,want-to-come|other-burns,cannot,cannot,cannot,cannot,cannot,cannot,cannot,cannot,cannot,event,cannot,event,cannot,cannot,cannot,cannot,
83d7f35c-020c-4290-bae4-e9e2241958a2,2026-08-25T20:17:38Z,en,Anonymous,want-to-come,event,event,event,event,event,event,cannot,cannot,cannot,cannot,cannot,event,event,event,event,event,
145ef84d-aa04-47a6-82a2-fa673b2f5521,2026-08-25T20:23:27Z,fr,Anonymous,want-to-come|builder-barrio,build-barrio|build-event|event,build-barrio|build-event|event,build-barrio|build-event|event,build-event|event,build-barrio|build-event|event,event,cannot,cannot,cannot,cannot,cannot,cannot,cannot,build-barrio|build-event|event,build-barrio|build-event|event,build-event|event,
528ae460-c034-491b-92eb-d4c44d81370b,2026-08-25T20:37:03Z,en,Anonymous,other-burns,build-barrio|build-event|event|org-strike,build-barrio|build-event|event|org-strike,build-barrio|build-event|event|org-strike,build-barrio|build-event|event|org-strike,build-barrio|build-event|event|org-strike,cannot,cannot,cannot,cannot,cannot,cannot,build-barrio|build-event|event|org-strike,build-barrio|build-event|event|org-strike,build-barrio|build-event|event|org-strike,build-barrio|build-event|event|org-strike,build-barrio|build-event|event|org-strike,
2ef2060f-0bcd-4219-b51f-c71761925fab,2026-08-25T20:45:36Z,fr,Anonymous,want-to-come|builder-barrio|strike|other-burns,build-barrio|event|org-strike,build-barrio|event|org-strike,cannot,cannot,build-barrio|event,build-barrio|event,build-barrio|event,build-barrio|event,build-barrio|event,build-barrio|event|org-strike,build-barrio|event|org-strike,build-barrio|event|org-strike,build-barrio|event|org-strike,build-barrio|event|org-strike,build-barrio|event|org-strike,build-barrio|event|org-strike,Attention aux vacances scolaires pour les parents et les enseignants
c78218a9-bed8-4a84-8856-8e738e3ca678,2026-08-25T20:46:21Z,en,Anonymous,want-to-come|strike|other-burns,event,cannot,cannot,cannot,cannot,cannot,cannot,event,build-barrio|build-event|event,build-barrio|build-event|event,cannot,cannot,cannot,cannot,cannot,cannot,
dfe740f3-2f94-49a0-adb1-f9aa75ef01a0,2026-08-25T20:47:57Z,de,Identified,want-to-come|builder-barrio|strike|other-burns,cannot,cannot,cannot,cannot,cannot,cannot,cannot,cannot,cannot,cannot,cannot,cannot,cannot,build-barrio,build-barrio|event,event|org-strike,
e2d8729b-e685-46f5-b9f8-50319e5ef362,2026-08-25T21:06:25Z,en,Anonymous,want-to-come,cannot,cannot,cannot,event,event,event,event,event,cannot,cannot,cannot,event,event,event,cannot,cannot,"Many French public holidays are in May : it can be easier for some people to come but there is also many many events happening at the same time. Not pro or against, just something to consider. September is also usually quite filled with events (France and also other countries) "
95e8def6-b5b7-4dae-b004-c41f506d71ab,2026-08-25T21:16:30Z,en,Identified,want-to-come|builder-org|builder-barrio|other-burns,cannot,cannot,cannot,cannot,cannot,build-barrio|build-event|event,build-barrio|build-event|event,build-barrio|build-event|event,build-barrio|build-event|event,build-barrio|build-event|event,build-barrio|build-event|event,build-barrio|build-event|event,cannot,cannot,cannot,cannot,"I agree the current fire risk is causing problems and the heat is hard to handle, however one of the key reasons I like nowhere is the desert heat and intensity. Therefore I'd like it to not shift too far into the colder months. Sure in many years time this issue might have to be approached again but for now, a minor shift is preferable. "
26147cd0-2de0-49c8-a257-a6a26015c9fc,2026-08-25T21:24:34Z,en,Anonymous,want-to-come|other-burns,event,event,event,event,event,event,event,event,event,event,event,event,event,event,event,event,
5737a66b-3d98-4a64-ba81-4427163f83d6,2026-08-25T21:26:53Z,es,Anonymous,want-to-come,event,event,event,event,event,event,cannot,cannot,cannot,cannot,cannot,event,event,event,event,event,
024074b6-d322-4b73-a0af-f99a792dafd3,2026-08-25T21:32:03Z,de,Anonymous,want-to-come|builder-barrio,cannot,cannot,cannot,cannot,build-barrio|event,build-barrio|event,build-barrio|event,cannot,cannot,cannot,build-barrio|event,build-barrio|event,build-barrio|event,build-barrio|event|org-strike,build-barrio|event|org-strike,build-barrio|event,"Regarding the Bird nesting  i dident klick in dates on May . Did you consider that burning man is 29.8-6.9?  Would be good to have it on the list. Personaly the best for me would be beginning of octuber, autum scool holydays in switzzerland."
ffd748d8-5679-4549-ae32-281b57b06f0d,2026-08-25T21:58:37Z,en,Identified,want-to-come|builder-org|strike|other-burns,build-event,build-event|event,build-barrio|build-event|event|org-strike,build-barrio|build-event|event|org-strike,build-barrio|build-event|event|org-strike,build-barrio|build-event|event|org-strike,org-strike,cannot,build-event|event,build-barrio|build-event|event|org-strike,build-barrio|build-event|event|org-strike,build-barrio|build-event|event|org-strike,build-barrio|build-event|event|org-strike,build-barrio|build-event|event,build-barrio|build-event|event|org-strike,org-strike,"I am flexible regarding dates of the event, and would prefer a time where we both lower the risk of cancellation from wildfire risks, but also stay within the warmer period"
5c1cf40c-f753-4c4e-a979-99458fc1c477,2026-08-25T22:11:32Z,en,Anonymous,want-to-come|builder-barrio|other-burns,build-barrio|build-event|event|org-strike,build-barrio|build-event|event|org-strike,build-barrio|build-event|event|org-strike,build-barrio|build-event|event|org-strike,build-barrio|build-event|event|org-strike,build-barrio|build-event|event|org-strike,build-barrio|build-event|event|org-strike,cannot,cannot,cannot,build-barrio|build-event|event|org-strike,build-barrio|build-event|event|org-strike,build-barrio|build-event|event|org-strike,build-barrio|build-event|org-strike,cannot,cannot,
4155ece7-f8db-450d-bbfe-9afbcadba7c7,2026-08-25T22:11:49Z,es,Anonymous,want-to-come,cannot,cannot,cannot,cannot,build-event,event,event,cannot,cannot,cannot,event,event,event,cannot,cannot,cannot,
3e39e9dc-22af-4739-9017-7bb123af4f3d,2026-08-25T22:20:56Z,en,Anonymous,want-to-come|other-burns,cannot,cannot,cannot,cannot,cannot,cannot,cannot,cannot,cannot,build-barrio|build-event|event|org-strike,cannot,cannot,cannot,cannot,cannot,cannot,Travelling to Europe from another continent so cannot attend any other dates
b512e99c-a1d5-4783-ba2a-ed45dcdaa5a0,2026-08-25T22:53:13Z,es,Identified,want-to-come|builder-barrio,build-barrio|event,build-barrio|event,build-barrio|event,build-barrio|event,build-barrio|event,build-barrio|event,build-barrio|event,build-barrio|event,cannot,cannot,cannot,build-barrio|event,build-barrio|event,build-barrio|event,build-barrio|event,build-barrio|event,Run from de heat!
8f8d897d-4ad0-4f62-9963-780244ba5212,2026-08-25T23:00:32Z,en,Identified,want-to-come|builder-barrio|other-burns,cannot,cannot,cannot,build-barrio|build-event|event|org-strike,build-barrio|build-event|event|org-strike,build-barrio|event,cannot,cannot,cannot,cannot,cannot,build-barrio|build-event|event|org-strike,build-barrio|build-event|event|org-strike,build-barrio|build-event|event|org-strike,cannot,cannot,"I am in favor of changing the date to either may/june or september. Both because of a lower wildfire risk (and thus lower chance of cancellation of the event) and also more pleasant temperatures. I like it when it is warm (around 25 - 30 degrees during the day), but not when it is hot (around 35+ degrees during the day)."
b76bd654-0080-47f4-9cda-a6a4d4090153,2026-08-25T23:14:02Z,en,Anonymous,builder-barrio|other-burns,cannot,build-event,build-event,build-event,event,event,cannot,cannot,cannot,cannot,cannot,build-event,build-event,build-event,build-event,build-event,
a21c848d-0b74-4a34-8e63-737748ffdc51,2026-08-25T23:33:15Z,es,Identified,want-to-come|builder-barrio,cannot,cannot,cannot,cannot,cannot,cannot,cannot,cannot,build-barrio|build-event|event,build-barrio|build-event|event,cannot,cannot,cannot,cannot,event,cannot,"Año escolar en España soy profesor de secundaria , en otra épocas no puedo ir "
70605c04-8a00-4743-a2e5-7e6d2cdf41b5,2026-08-26T00:03:15Z,en,Anonymous,want-to-come,event,event,event,event,event,cannot,cannot,cannot,cannot,cannot,event,event,cannot,cannot,cannot,cannot,
4cd90079-7451-4055-ae05-6155e28a4fde,2026-08-26T00:22:06Z,ca,Identified,want-to-come,event,event,event,event,event,event,event,event,cannot,cannot,cannot,cannot,cannot,cannot,cannot,cannot,
070aa7b7-1d8f-4634-870b-644aa8954489,2026-08-26T00:47:59Z,en,Anonymous,want-to-come|builder-barrio|other-burns,build-barrio|build-event|event|org-strike,build-barrio|build-event|event|org-strike,build-barrio|build-event|event|org-strike,build-barrio|build-event|event|org-strike,build-barrio|build-event|event|org-strike,build-barrio|build-event|event|org-strike,build-barrio|build-event|event|org-strike,event,cannot,cannot,cannot,cannot,cannot,cannot,cannot,cannot,"I help run a regional burn in late September, so I'm unavailable from mid august organising that, until early october."
4af1ae3a-d500-4bc4-a483-03bf08f5c505,2026-08-26T02:14:40Z,en,Identified,want-to-come,cannot,cannot,cannot,cannot,event,event,event,event,event,event,event,event,cannot,cannot,cannot,cannot,
de162008-5c8c-4aef-9a78-c47c5d5c3bce,2026-08-26T05:27:44Z,de,Anonymous,want-to-come|builder-barrio|strike,event|org-strike,event|org-strike,event|org-strike,event|org-strike,event|org-strike,event|org-strike,event|org-strike,event|org-strike,event|org-strike,event|org-strike,event|org-strike,event|org-strike,event|org-strike,event|org-strike,event|org-strike,event|org-strike,
7109ba00-7aad-4a57-b58f-c773f9a70bda,2026-08-26T05:56:41Z,en,Anonymous,want-to-come|other-burns,event,event,event,event,event,event,cannot,cannot,cannot,cannot,event,event,event,event,event,event,
d648b18e-e6c7-4ef9-972b-185d69443145,2026-08-26T06:21:32Z,en,Identified,want-to-come|builder-barrio|other-burns,build-barrio|event,event,cannot,cannot,cannot,cannot,cannot,cannot,cannot,cannot,cannot,cannot,cannot,cannot,cannot,cannot,
ccd081f2-e082-4686-afcb-66d347a43c35,2026-08-26T06:51:28Z,en,Identified,want-to-come|builder-org|strike,event|org-strike,build-event|event|org-strike,build-event|event|org-strike,build-event|event|org-strike,build-event|event|org-strike,build-event|event|org-strike,build-event|event|org-strike,build-event|event|org-strike,build-event|event|org-strike,build-event|event|org-strike,cannot,cannot,cannot,cannot,cannot,cannot,The same dates as this year are technically doable for my. But I would delay the ticket purchase as long as possible to get a sense if 2027 will be hotter than 2026. In this case I might just skip.
18262eae-d6ac-4354-9a56-5491dc21d7cd,2026-08-26T06:56:11Z,en,Identified,want-to-come|builder-org,build-event|event,build-event|event,build-event|event,build-event|event,build-event|event,cannot,cannot,cannot,build-event|event,build-event|event,build-event|event,cannot,cannot,cannot,cannot,cannot,My work cannot really allow me to don't work during budy days
d21fe4ea-925c-46cc-a8b2-3b6f7d3063c8,2026-08-26T07:22:29Z,en,Identified,want-to-come|builder-barrio,cannot,cannot,build-barrio,build-barrio|event,build-barrio|event,build-barrio|event,build-barrio|event,build-barrio|event,build-barrio|event,build-barrio|event,build-barrio|event,build-barrio|event,build-barrio|event,cannot,cannot,cannot,
726d1a01-af9f-4541-863b-77a65a9c8a16,2026-08-26T07:24:54Z,fr,Identified,want-to-come|builder-barrio|other-burns,build-barrio|build-event|event|org-strike,build-barrio|build-event|event|org-strike,build-barrio|build-event|event,cannot,event|org-strike,build-barrio|build-event|event|org-strike,build-barrio|event|org-strike,build-barrio|event,build-barrio|event,build-barrio|event,build-barrio|event|org-strike,build-barrio|build-event|event|org-strike,build-barrio|build-event|event|org-strike,build-barrio|build-event|event|org-strike,build-barrio|build-event|event|org-strike,build-barrio|build-event|event|org-strike,"Participation à crème brulée
Difficile de faire le build ou strike générale en pleine chaleur"
2d727d77-481d-4f89-8eed-44135ce168ce,2026-08-26T07:43:21Z,en,Identified,want-to-come|builder-barrio,event,build-barrio|event,build-barrio|event,build-barrio|event,build-barrio|event,build-barrio|event,build-barrio|event,build-barrio|event,event,event,cannot,build-barrio|event,build-barrio|event,build-barrio|event,build-barrio|event,build-barrio|event,
cdf963c9-627d-40d0-9b26-18b1ff611079,2026-08-26T07:50:53Z,fr,Anonymous,want-to-come,cannot,cannot,cannot,cannot,cannot,cannot,cannot,event,event,event,cannot,cannot,cannot,cannot,cannot,cannot,
7a5c1266-24dd-4916-8a77-73f7e93dff3c,2026-08-26T08:00:20Z,en,Anonymous,want-to-come|builder-org|builder-barrio|strike|other-burns,cannot,build-barrio|build-event|event|org-strike,build-barrio|build-event|event|org-strike,build-barrio|build-event|event|org-strike,build-barrio|build-event|event|org-strike,build-barrio|build-event|event|org-strike,cannot,cannot,cannot,cannot,cannot,cannot,build-barrio|build-event|event|org-strike,build-barrio|build-event|event|org-strike,build-barrio|build-event|event|org-strike,cannot,
5096d816-52d6-4323-b949-7d487703999e,2026-08-26T08:04:30Z,de,Anonymous,want-to-come|strike,cannot,cannot,cannot,cannot,cannot,event,event,event,event,event,cannot,cannot,cannot,cannot,cannot,cannot,…
c240accd-23f6-4501-bd0d-165c256fc0d9,2026-08-26T08:04:31Z,en,Identified,want-to-come|builder-org|builder-barrio,build-barrio|event,build-barrio|event,build-barrio|event,build-barrio|event,build-barrio|event,build-barrio|event,build-barrio|event,build-barrio|event,build-barrio|build-event|event|org-strike,build-barrio|build-event|event|org-strike,cannot,cannot,cannot,cannot,event,event,
2d7f2218-00c2-4351-ae8e-2537a0b99b64,2026-08-26T08:10:49Z,es,Identified,want-to-come,cannot,cannot,cannot,cannot,cannot,cannot,cannot,cannot,cannot,event,event,event,event,cannot,cannot,cannot,
5ebca8d4-6294-4cbc-a250-8e684f20a8f6,2026-08-26T08:17:06Z,fr,Identified,want-to-come|other-burns,event,event,cannot,cannot,cannot,event,event,event,event,event,event,event,event,event,event,event,"Changing the dates is a really good idea, we have to adapt."
c65e6d10-45f9-4ff3-882e-72b51d2083b7,2026-08-26T08:47:05Z,ca,Anonymous,want-to-come|builder-org|builder-barrio|other-burns,cannot,cannot,cannot,cannot,build-barrio|build-event|event,build-barrio|build-event|event,cannot,cannot,cannot,cannot,build-barrio|build-event|event,build-barrio|build-event|event,build-barrio|build-event|event,cannot,cannot,cannot,"Besides fire risk, I would change dates also for human wellness, heat is just getting unbearable and makes the event a ""desert"" during the day where only the goblins go out at night."
05be91f8-bd29-4e9b-b65f-72ba017754b0,2026-08-26T08:54:55Z,en,Anonymous,want-to-come|other-burns,build-barrio|event,build-barrio|event,build-barrio|event,build-barrio|event,build-barrio|event,build-barrio|event,build-barrio|event,cannot,cannot,cannot,build-barrio|event,build-barrio|event,build-barrio|event,event,cannot,cannot,
75ef7a0a-2504-46b7-9944-6d2a8cf987d2,2026-08-26T08:58:47Z,en,Identified,want-to-come|builder-org|builder-barrio|other-burns,build-barrio|build-event,build-barrio|build-event|event|org-strike,build-barrio|build-event|event|org-strike,build-barrio|build-event|event|org-strike,build-barrio|build-event|event|org-strike,build-barrio|build-event|event|org-strike,build-barrio|build-event|event|org-strike,cannot,cannot,cannot,cannot,cannot,cannot,cannot,cannot,cannot,May I think is perfect because is may there is a lot of holidays and I feel for a lot of people it will be easy to combine the taking few days off and combine it with holidays.
69660a45-4967-44c6-ad91-de5eefe87eb9,2026-08-26T09:13:00Z,en,Identified,want-to-come|builder-org|builder-barrio|strike,build-barrio|build-event|event|org-strike,build-barrio|build-event|event|org-strike,build-barrio|build-event|event|org-strike,build-barrio|build-event|event|org-strike,build-barrio|build-event|event|org-strike,build-barrio|build-event|event|org-strike,build-barrio|event,build-barrio|event,build-barrio|event,build-barrio|event,build-barrio|event|org-strike,build-barrio|build-event|event|org-strike,build-barrio|build-event|event|org-strike,build-barrio|build-event|event|org-strike,build-barrio|build-event|event|org-strike,build-barrio|build-event|event|org-strike,
47e04172-f4cb-4471-a716-b95d6482ee08,2026-08-26T09:18:41Z,fr,Anonymous,want-to-come,cannot,cannot,cannot,cannot,event,event,event,event,cannot,cannot,cannot,cannot,cannot,event,event,cannot,
ede56d8d-3f1f-4cd9-b32a-8ede2b90e05c,2026-08-26T09:21:31Z,fr,Identified,want-to-come|builder-barrio,cannot,cannot,cannot,cannot,cannot,cannot,cannot,event|org-strike,build-barrio|event,build-barrio|event,build-barrio|event,build-barrio|event,build-barrio|event,build-barrio|event,event,event,
7769fe1d-52de-4ce2-9d83-10eef7cd7af9,2026-08-26T09:31:35Z,en,Anonymous,want-to-come|builder-barrio|other-burns,build-barrio|event,cannot,cannot,cannot,cannot,build-barrio|event,build-barrio|event,build-barrio|event,build-barrio|event,build-barrio|event,event,build-barrio|event,build-barrio|event,build-barrio|event,event,build-barrio|event,
aa2a4b67-ad45-47f1-aa3c-5e6b6c372df3,2026-08-26T09:32:36Z,es,Anonymous,want-to-come|builder-barrio,cannot,cannot,cannot,cannot,cannot,cannot,build-barrio|event|org-strike,build-barrio|event|org-strike,build-barrio|event|org-strike,build-barrio|event|org-strike,cannot,cannot,cannot,cannot,cannot,cannot,
db77bd97-12fa-42ab-9a07-d8f993ffba07,2026-08-26T10:02:11Z,es,Anonymous,want-to-come|builder-barrio|strike,cannot,cannot,cannot,cannot,build-barrio|event,build-barrio|event,build-barrio|event,cannot,cannot,cannot,build-barrio|event,build-barrio|event,cannot,cannot,cannot,cannot,He escogido las fechas que sea más probable que no haya olas de calor y un tiempo estable. 
12a657ae-cd6e-471a-b008-b5ebe3272e46,2026-08-26T10:30:24Z,en,Anonymous,want-to-come|builder-barrio|strike|other-burns,cannot,cannot,cannot,cannot,cannot,cannot,build-barrio|event|org-strike,build-barrio|event|org-strike,build-barrio|event|org-strike,build-barrio|event|org-strike,build-barrio|event|org-strike,cannot,cannot,cannot,cannot,cannot,"I really appreciate the warm nights at nowhere, and also the hot deserty weather. I don’t go to the U.K. burns largely because it’s so uncomfortably cold at night for me and the night part is the best part of the burn. Also the heat is part of the challenge, a burn should not be too “easy”. If it’s not going to be challengingly hot during the day but most importantly comfortable at night I don’t think I’ll go. "
8f353488-4d37-455c-a19d-d33391bdf32e,2026-08-26T10:36:42Z,fr,Anonymous,want-to-come|builder-barrio,cannot,build-barrio|event,build-barrio|event,build-barrio|event,build-barrio|event,build-barrio|event,cannot,cannot,cannot,cannot,cannot,build-barrio,event,event,event,event,
6a782a64-07d7-4167-8bd9-6652e2933308,2026-08-26T10:59:26Z,en,Identified,want-to-come|builder-org|builder-barrio|strike|other-burns,build-barrio|build-event|event|org-strike,build-barrio|build-event|event,cannot,build-barrio|event|org-strike,build-barrio|build-event|event|org-strike,build-barrio|build-event|event|org-strike,cannot,build-barrio|build-event|event|org-strike,cannot,build-barrio|build-event|event|org-strike,build-barrio|build-event|event|org-strike,build-barrio|build-event|event|org-strike,build-barrio|build-event|event|org-strike,build-barrio|build-event|event|org-strike,build-barrio|build-event|event|org-strike,build-barrio|build-event|event|org-strike,"Glastonbury is worth considering for overlap, it's been a problem before. As well as Norway day on the 17th of May, of course."
1fa70d42-9c26-43dc-9901-f940af1e5b0f,2026-08-26T11:15:26Z,en,Identified,want-to-come|builder-org|builder-barrio|strike,build-barrio|build-event|event|org-strike,build-barrio|build-event|event|org-strike,build-barrio|build-event|event|org-strike,build-barrio|build-event|event|org-strike,build-barrio|build-event|event|org-strike,build-barrio|build-event|event|org-strike,build-barrio|build-event|event|org-strike,build-barrio|build-event|event|org-strike,build-barrio|build-event|event|org-strike,build-barrio|build-event|event|org-strike,cannot,event|org-strike,build-barrio|build-event|event|org-strike,build-barrio|build-event|event,cannot,cannot,
791ed383-148d-4a01-9f27-ebf2b667e2e1,2026-08-26T11:18:46Z,en,Anonymous,want-to-come|builder-barrio|strike|other-burns,cannot,cannot,cannot,cannot,cannot,cannot,build-barrio|event|org-strike,build-barrio|build-event|event|org-strike,build-barrio|build-event|event|org-strike,build-barrio|build-event|event|org-strike,cannot,cannot,cannot,cannot,cannot,cannot,
11582e17-3bd5-492e-b4ee-865b34c4b074,2026-08-26T11:24:44Z,en,Anonymous,want-to-come|builder-barrio|strike|other-burns,cannot,cannot,cannot,cannot,cannot,cannot,build-barrio|event|org-strike,build-barrio|event|org-strike,build-barrio|event|org-strike,cannot,event,event,build-barrio|event|org-strike,build-barrio|event|org-strike,build-barrio|event|org-strike,build-barrio|event|org-strike,"I will go to borderland, so i dont want it to be too close but not too far "
571c67cb-8410-4f68-926a-959b3c128952,2026-08-26T11:31:41Z,de,Anonymous,want-to-come|builder-org,build-event,build-event,build-barrio|build-event,build-barrio|build-event|event,build-barrio|build-event|event,build-barrio|event,event,cannot|org-strike,cannot|org-strike,cannot,build-event,build-barrio|build-event,build-barrio|build-event|event,build-barrio|build-event|event,build-barrio|event,event,"i am still quite flexible, but i think it is a good idea to switch dates"
0f3c7c06-5428-4e2b-abb9-0a55e208885d,2026-08-26T11:51:49Z,en,Anonymous,want-to-come,event,event,event,event,event,cannot,cannot,cannot,cannot,cannot,cannot,event,event,event,event,event,
ab6dd886-bc3a-4920-a191-a2309a05792d,2026-08-26T12:02:01Z,en,Identified,want-to-come|builder-barrio|strike|other-burns,build-barrio|build-event|event|org-strike,build-barrio|build-event|event|org-strike,build-barrio|build-event|event,cannot,build-barrio|build-event|event|org-strike,build-barrio|build-event|event|org-strike,cannot,cannot,build-barrio|event|org-strike,build-barrio|event,build-barrio|event|org-strike,build-barrio|build-event|event|org-strike,build-barrio|build-event|event|org-strike,build-barrio|build-event|event|org-strike,build-barrio|build-event|event|org-strike,build-barrio|build-event|event|org-strike,
64357386-f8a3-4f9e-b9e1-521340a7b7c8,2026-08-26T12:05:05Z,en,Identified,want-to-come|strike,cannot,cannot,cannot,cannot,cannot,cannot,cannot,event,event,event,cannot,cannot,cannot,event,event,cannot,
560a448f-2433-4dd6-8056-99f63cabc9f8,2026-08-26T12:21:31Z,es,Identified,want-to-come|builder-barrio|other-burns,cannot,cannot,cannot,cannot,build-barrio,build-barrio|event,build-barrio|event,build-barrio|event,build-barrio|event,build-barrio|event,build-barrio|event,cannot,cannot,cannot,cannot,cannot,"Prefiero fechas anteriores a las que ahora usamos, hace mucho calor y es un riesgo para nosotros y la naturaleza.
Prefiero fechas anteriores porque me gusta que haya verano para descansar y para reflexionar después de Elsewhere.
No me importa que ocurran otros burns en las fechas que sugiero, para mí la prioridad es Elsewhere.
No me importaría si elsewhere fuera la primera semana de septiembre, el problema sería que haría más calor para el equipo de Build que el que hay ahora."
3b03ad62-5488-476b-b58e-f8dde0841117,2026-08-26T12:38:25Z,fr,Anonymous,want-to-come,cannot,cannot,cannot,cannot,cannot,cannot,build-barrio|build-event|event,event,event,event|org-strike,cannot,cannot,cannot,cannot,cannot,cannot,
fe879372-6009-4c78-b863-981e0032b1d2,2026-08-26T12:44:18Z,en,Anonymous,want-to-come|builder-barrio|other-burns,cannot,cannot,cannot,cannot,cannot,cannot,cannot,cannot,cannot,cannot,cannot,cannot,build-barrio|build-event,build-barrio|build-event,event,org-strike,"Too many burns are being organised in the first half of the year. Weather seems better in October. Also travelling is cheaper out of the high seasons. And if it’s the last burn, people won’t be in a rush to leave and might be more available for strike "
1e6ec39b-cd60-4e17-9ad8-ede46c7e9725,2026-08-26T12:52:21Z,en,Identified,want-to-come|builder-barrio|strike|other-burns,build-barrio|event|org-strike,build-barrio|event|org-strike,build-barrio|event|org-strike,cannot,cannot,event,event,event,event,event,event,cannot,cannot,event,event,event,
03eef1f8-0917-41de-96ed-437c83a1ee6c,2026-08-26T13:00:42Z,fr,Anonymous,want-to-come|builder-barrio|strike,cannot,cannot,cannot,cannot,cannot,org-strike,org-strike,build-barrio|event,build-barrio|build-event|event,build-barrio|build-event|event,build-barrio|build-event|event,build-barrio|build-event|event,build-barrio|build-event|event,build-barrio|build-event|event,build-barrio|build-event|event,build-barrio|build-event|event,"Mon compagnon est marin. Il sera en mer tout mai et juin, et à terre le reste du temps."
04bb1017-64e5-412c-b5d2-c751a532e9d5,2026-08-26T13:09:03Z,en,Identified,want-to-come|builder-barrio|other-burns,event,event,build-barrio|event,build-barrio|event,build-barrio|event,build-barrio|event,build-barrio|event,event,event,event,build-barrio|event,build-barrio|event,build-barrio|event,build-barrio|event,build-barrio|event,event,"I will try to attend the event no matter what and when, hot or cold, however I definitely do have a preference for the less hot, low fire-risk days. If there's a way to register that preference, and not just likelihood of attending, I'd like to do that. Any dates between mid-May and late June, and those after September would be much more preferable for me.				

My not taking part in event build and strike is entirely related to my health and personal situation, what I can physically do, how long I can be away from home, etc., therefore event dates do not make a difference in that regard. "
2e6a32ac-ae2f-48c4-83f0-483e3b48cef5,2026-08-26T13:18:57Z,en,Identified,want-to-come|builder-barrio,build-barrio|event,build-barrio|event,build-barrio|event,build-barrio|event,build-barrio|event,build-barrio|event,build-barrio|event,build-barrio|event,build-barrio|event,build-barrio|event,build-barrio|event,build-barrio|event,build-barrio|event,build-barrio|event,build-barrio|event,build-barrio|event,"I would make the effort to come at any time of year. This is the event that I plan my holidays around. Though the way it lines up with other events would have a significant impact on the experience and the appeal for me (if the people I love, who are in large part my reason for coming were caught up at other events, for example)"
842b2355-ece0-400e-a966-3137f3d36a94,2026-08-26T13:19:37Z,en,Anonymous,want-to-come|other-burns,build-event|event,event,build-event|event,build-event|event,cannot,cannot,cannot,cannot,cannot,cannot,cannot,cannot,cannot,build-event|event,build-event|event,build-event|event,
5a96f49c-cca5-4fe7-b505-42750a80ff80,2026-08-26T13:25:40Z,es,Identified,want-to-come,cannot,cannot,cannot,build-event,build-barrio|build-event,build-barrio|event,event,org-strike,cannot,cannot,build-barrio|build-event|event,build-barrio|build-event|event,build-barrio|org-strike,build-barrio,cannot,cannot,:)
5e44b6fa-3df3-4a76-87f1-c2ff7a91611b,2026-08-26T13:26:38Z,en,Anonymous,want-to-come|builder-barrio|strike|other-burns,build-barrio,build-barrio,build-barrio|build-event,build-barrio|build-event|org-strike,build-barrio|org-strike,cannot,cannot,cannot,cannot,cannot,build-barrio,build-barrio|org-strike,build-barrio|org-strike,build-barrio,build-barrio,build-barrio,"Love you guys. Thanks for carrying this.
School holidays in Switzerland. 
Also it's too damn hot!!! And I love hot"
393d64ad-b61b-4ee7-9e50-8a6166258a65,2026-08-26T13:30:31Z,en,Identified,want-to-come|builder-barrio|strike|other-burns,cannot,cannot,cannot,cannot,build-barrio|event|org-strike,build-barrio|event|org-strike,build-barrio|event|org-strike,cannot,cannot,cannot,cannot,cannot,cannot,cannot,cannot,cannot,
d6d78aa0-d71f-4bea-9164-7f9966d1c52a,2026-08-26T13:33:19Z,en,Anonymous,builder-barrio,build-barrio|event,build-barrio|event,event,cannot,cannot,cannot,cannot,cannot,cannot,cannot,build-barrio|build-event|event,build-barrio|build-event|event,build-barrio|build-event|event,build-barrio|build-event|event,build-barrio|build-event|event,build-barrio|build-event|event,
a2d49a8d-0de7-40e0-9657-04290914627d,2026-08-26T13:33:41Z,en,Identified,want-to-come|builder-barrio,cannot,cannot,event,event,event,build-barrio|event,build-barrio|event,cannot,build-barrio|event,build-barrio|event,cannot,cannot,cannot,cannot,event,event,"Late spring, very early summer seem most adequate for me. "
2ffe218b-0d96-4dbf-ad1d-00e26b6b08a6,2026-08-26T13:42:55Z,en,Anonymous,want-to-come|builder-barrio|strike,event,cannot,cannot,cannot,cannot,cannot,cannot,cannot,cannot,cannot,cannot,cannot,cannot,cannot,cannot,build-barrio|build-event|event|org-strike,
49213560-de90-41b7-8578-d66eba1517fc,2026-08-26T14:19:50Z,en,Anonymous,want-to-come|other-burns,cannot,event,event,event,event,event,cannot,cannot,cannot,cannot,event,event,event,event,cannot,cannot,
207b4b1d-dc1f-461f-85fe-92ce6ee22fa4,2026-08-26T14:30:40Z,es,CompletionTracked,want-to-come,event,event,event,event,event,cannot,cannot,event,cannot,cannot,cannot,cannot,cannot,cannot,cannot,cannot,
ef3964ef-cf28-470c-b787-dc15d60934bf,2026-08-26T14:35:01Z,en,Anonymous,want-to-come,event,event,event,cannot,cannot,cannot,cannot,cannot,cannot,cannot,cannot,event,event,event,event,event,My reason is the temperature and travelling when there are no school holidays (cheaper)
cdd56e18-a744-45a4-acc0-5da3451d384f,2026-08-26T14:36:51Z,fr,Anonymous,want-to-come|builder-barrio|other-burns,build-barrio,build-barrio|event,build-barrio|event,build-barrio|event,build-barrio|event,build-barrio|event,event,cannot,cannot,cannot,cannot,cannot,cannot,cannot,cannot,cannot,
000899e6-6d0b-46f4-a035-a3b5a6b8a566,2026-08-26T14:46:58Z,en,Identified,builder-barrio|other-burns,build-barrio|event,build-barrio|event,build-barrio|event,build-barrio|event,build-barrio|event,build-barrio|event,build-barrio|event,cannot,cannot,cannot,build-barrio|event,build-barrio|event,build-barrio|event,build-barrio|event,build-barrio|event,build-barrio|event,
f16d9ad2-a594-4bbf-9714-ea004c7c4cdd,2026-08-26T14:54:26Z,en,Anonymous,want-to-come|other-burns,build-barrio|build-event,build-barrio|build-event,event,event,org-strike,org-strike,cannot,cannot,cannot,cannot,build-barrio|build-event,build-barrio|build-event|event,build-barrio|build-event|event|org-strike,build-barrio|build-event|event|org-strike,build-barrio|build-event|event|org-strike,build-barrio|build-event|event|org-strike,
28ad8993-2865-4f8f-abdd-03ba9a54cae5,2026-08-26T14:54:55Z,en,Identified,want-to-come|builder-barrio|other-burns,cannot,cannot,cannot,event,event,event,cannot,cannot,cannot,cannot,build-barrio|event,build-barrio|event,cannot,cannot,cannot,cannot,"I get confused by ""cannot come"" - with some of the dates it's more like ""don't want to come"". I love for the event to be somewhat hot, so it can keep its spirit."
ec06161f-3aae-41c3-a481-0866d39098b1,2026-08-26T15:10:25Z,en,Anonymous,want-to-come|other-burns,event,event,event,event,event,cannot,cannot,cannot,cannot,cannot,cannot,cannot,cannot,event,event,event,
3173a97f-8068-48e7-878b-f0a9bf32c3a0,2026-08-26T15:24:01Z,en,Anonymous,want-to-come|builder-barrio|other-burns,build-barrio|event,build-barrio|event,build-barrio|event,build-barrio|event,build-barrio|event,build-barrio|event,build-barrio|event,build-barrio|event,build-barrio|event,build-barrio|event,cannot|event,event,event,event,event,event,
7ebcc3f5-75c9-432b-b61c-9ab404587d5b,2026-08-26T15:48:26Z,en,Identified,want-to-come|builder-barrio|other-burns,build-barrio|event,build-barrio|event,build-barrio|event,build-barrio|event,cannot,event,build-barrio|event,build-barrio|event,cannot,cannot,cannot,cannot,cannot,cannot,cannot,cannot,"My preferred dates would be the weeks right before the event: 21-27, 14-20 and 7-13 of June, in this order. As even if we end up on the yellow-orange zone, it's already an improvement and it would be less disruptive for the event.

May would also work, but it's more rainy and rain makes build quite more challenging.

Moving the event forward adds other challenges and if it's after Burning Man we'd lose a bunch of people for build / event prep."
23b96b8a-1d2c-4bdb-a15a-2d4a602158dd,2026-08-26T15:59:01Z,es,Identified,want-to-come,event,event,event,event,event,event,cannot,cannot,cannot,cannot,cannot,event,event,event,event,event,Buscar lo mas cercano a una fecha que no genere conflictos con posibles cambios inesperados de temperaturas .
53152d7c-53f7-4ce1-9f17-a9e1103bd630,2026-08-26T16:01:02Z,fr,Identified,want-to-come,event,event,event,event,event,event,event,event,cannot,cannot,cannot,cannot,cannot,event,event,event,
7a163ed1-1b4f-40ba-9192-689e134bc394,2026-08-26T16:02:02Z,en,Identified,want-to-come,event,event,event,event,event,cannot,cannot,cannot,cannot,cannot,event,event,event,event,cannot,cannot,
39278cf0-7bf6-4ec1-98df-5a03bfc2591a,2026-08-26T16:03:56Z,es,Identified,want-to-come|builder-barrio,cannot,build-barrio|event,build-barrio|event,build-barrio|build-event|event,build-barrio|build-event|event,build-barrio|build-event|event,event,cannot,cannot,cannot,build-barrio|build-event|event,build-barrio|build-event|event,build-barrio|build-event|event,build-barrio|build-event|event,build-barrio|build-event|event,event,Solo no he marcado las fechas actuales porque ya vemos que con el calor es imposible. 
d192013d-6f6b-48f6-920a-72e5a15d5c51,2026-08-26T16:11:17Z,en,Identified,want-to-come|builder-barrio,cannot,cannot,cannot,cannot,cannot,build-barrio|event,build-barrio|event,event,event,cannot,build-barrio|event,build-barrio|event,event,cannot,cannot,cannot,
331d6843-e238-4d12-8597-49bd8663fffc,2026-08-26T16:31:37Z,de,Anonymous,want-to-come|builder-barrio|strike|other-burns,build-barrio,build-event,event,event,event,event,event,event,cannot,cannot,event,event,event,event,event,event,
c0070098-d5fd-4dd2-87e9-30c7aa8b0a93,2026-08-26T17:49:17Z,es,Anonymous,want-to-come|builder-org|builder-barrio|strike,cannot,cannot,cannot,cannot,build-event|event,build-event|event,build-event|event,build-barrio|build-event|event|org-strike,cannot,event,build-barrio|build-event|event|org-strike,event,event,cannot,cannot,cannot,Creo que septiembre sería genial a nivel temperatura.
dbd216ce-6810-4f26-aa42-2dc536d85bcd,2026-08-26T17:50:42Z,en,Identified,want-to-come|strike,cannot,cannot,cannot,cannot,event|org-strike,event|org-strike,cannot,cannot,cannot,cannot,event|org-strike,event|org-strike,event|org-strike,event|org-strike,event|org-strike,event|org-strike,
b58d66a7-e2e1-44dc-bfa0-17b963f21bcb,2026-08-26T17:57:28Z,en,Anonymous,want-to-come|builder-barrio|other-burns,build-barrio|event,build-barrio|event,build-barrio|event,build-barrio|event,build-barrio|event,build-barrio|event,build-barrio|event,cannot,cannot,cannot,build-barrio|event,event,event,event,event,event,"I expressed my preferences, on the premisse that the event would be held at the same location where Nowhere and recently elsewhere, were held. Are other locations being considered, eg. in more lush cooler Spanish regions such as Asturias and Galicia?"
3260c530-a56b-4aee-ab14-3601055267bc,2026-08-26T18:20:50Z,de,Anonymous,want-to-come|builder-barrio,cannot,cannot,cannot,cannot,build-barrio|event,build-barrio|event,build-barrio|event,build-barrio|event,cannot,cannot,cannot,cannot,cannot,cannot,event,cannot,
71729eb3-23f1-455c-abba-26521b495a10,2026-08-26T18:23:10Z,en,Identified,want-to-come|builder-barrio,event,event,event,event,event,event,event,event,event,build-barrio|event,build-barrio|event,build-barrio|event,build-barrio|event,event,event,event,
2cb40d31-e735-4dc0-8464-d44728ca5ae4,2026-08-26T19:38:18Z,en,Anonymous,want-to-come|builder-barrio|strike|other-burns,cannot,cannot,cannot,cannot,cannot,build-barrio|build-event|event|org-strike,build-barrio|build-event|event|org-strike,build-barrio|build-event|event|org-strike,build-barrio|event,build-barrio|event,build-barrio|build-event|event|org-strike,build-barrio|build-event|event|org-strike,build-barrio|build-event|event|org-strike,cannot,cannot,cannot,
6be9a83e-b128-40f6-a2f1-efc2f75f48eb,2026-08-26T19:58:04Z,en,Anonymous,builder-org|strike|other-burns,event,event,event,event,event,event,event,event,event,build-event|event,event,build-event|event|org-strike,build-event|event|org-strike,build-event|event|org-strike,build-event|event,event,
d1ded271-a3bf-47e5-a651-19bdccec3b74,2026-08-26T20:09:05Z,en,Anonymous,other-burns,event,event,event,event,cannot,cannot,cannot,cannot,cannot,cannot,cannot,cannot,cannot,cannot,cannot,cannot,
4016f80c-cce0-4821-b9eb-08d0d26ab8a1,2026-08-26T20:51:53Z,en,Identified,builder-org,build-event|event,build-event|event,build-event|event,build-event|event,build-event|event,build-event|event,build-event|event,build-event|event,build-event|event,cannot,cannot,cannot,cannot,cannot,cannot,cannot,The heat is an important factor in what makes nowhere so damn special and delirious. 
3abf324e-fc95-4264-93c2-92ec78588ddb,2026-08-26T21:13:49Z,en,Anonymous,builder-org,build-barrio|build-event|event,build-barrio|build-event|event|org-strike,build-barrio|build-event|event|org-strike,build-barrio|build-event|event|org-strike,build-barrio|build-event|event|org-strike,build-barrio|build-event|event|org-strike,cannot,cannot,cannot,cannot,cannot,build-barrio|build-event|event,build-barrio|build-event|event|org-strike,build-barrio|build-event|event|org-strike,cannot,cannot,
7a5f9712-5165-456c-9190-b4018b91398f,2026-08-26T21:20:47Z,fr,Anonymous,want-to-come|builder-barrio,build-barrio|event,build-barrio|event,build-barrio|event,build-barrio|event,build-barrio|event,build-barrio|event,event,cannot,cannot,cannot,cannot,cannot,event,build-barrio|event,build-barrio|event|org-strike,build-barrio|event|org-strike,
ff85fc26-5c51-4301-9ed2-ca737f6dc17e,2026-08-26T21:56:45Z,en,Anonymous,want-to-come,event,event,event,event,event,event,event,cannot,cannot,cannot,cannot,event,event,event,event,event,:)
68061d4d-31e9-40d9-b09c-bf58b7e8103d,2026-08-26T22:35:03Z,en,Anonymous,want-to-come|builder-org|strike,cannot,cannot,cannot,cannot,cannot,cannot,cannot,cannot,cannot,cannot,build-event|event,build-event|event,build-event|event|org-strike,build-event|event|org-strike,build-event|event|org-strike,build-event|event|org-strike,Parece que las aves y el Súper El Niño son verdaderas bombas de tiempo en la primavera
9d05e849-befa-4c29-b5dc-8bae28ef615f,2026-08-26T22:36:51Z,es,Anonymous,want-to-come|builder-org|strike,cannot,cannot,cannot,cannot,cannot,cannot,cannot,cannot,cannot,cannot,event,event,build-event|event|org-strike,build-event|event|org-strike,build-event|event|org-strike,cannot,
6bb042f0-aff7-4cdb-8129-bfff80167ea3,2026-08-26T22:39:58Z,es,Anonymous,want-to-come,cannot,cannot,cannot,cannot,cannot,event,event,cannot,cannot,cannot,event,build-barrio|event,build-barrio|event,build-barrio|event,event,cannot,
f7bf9751-3dc4-43c7-bd7b-a8897e3ab77f,2026-08-26T22:40:56Z,es,Anonymous,want-to-come,cannot,cannot,cannot,cannot,cannot,event,event,cannot,cannot,cannot,cannot,event,event,event,event,cannot,
93a3b0b0-4b05-4ace-a92a-b9be88186b3d,2026-08-26T22:46:40Z,ca,Anonymous,want-to-come,event,cannot,cannot,cannot,cannot,build-event|event,build-event|event,build-event|event,build-event|event,build-event|event,cannot,build-event|event,build-event|event,build-event|event,build-event|event,build-event|event,
3afed1e2-e6da-4a38-89b2-a8e1366bda5b,2026-08-26T23:11:29Z,en,Anonymous,want-to-come|other-burns,event,event,event,event,event,event,cannot,cannot,cannot,cannot,build-event|event,build-event|event,build-event|event,event,event,event,Such a complex survey may lead to unexpected and unintended results altogether... Should have been made much simpler IMHO such as answering for each possible week the likelihood of arriving as a 1-5 and writing the heat/other burns thing next to the week here rather than the info in one place and the voting in another part
0a870a8c-dfe9-412a-b563-22fee1b4b241,2026-08-27T04:01:49Z,en,Anonymous,want-to-come|other-burns,cannot,cannot,cannot,cannot,cannot,cannot,cannot,cannot,cannot,cannot,event,event,event,event,event,event,early september would be best: lower UV exposure while it still being quite warm
cb66d87f-2287-41fa-87a4-e70aba3c1539,2026-08-27T04:21:42Z,fr,Anonymous,want-to-come|builder-org|other-burns,event,event,cannot,cannot,cannot,cannot,cannot,cannot,cannot,event,event,cannot,cannot,cannot,cannot,cannot,
576bf83c-84d2-489c-bd0a-21d325201fcf,2026-08-27T06:27:34Z,fr,Identified,want-to-come,event,event,event,event,event,event,event,event,event,event,event,event,cannot,cannot,cannot,event,
c73a134d-892b-476d-9264-3c1e04a44595,2026-08-27T06:53:05Z,de,Anonymous,want-to-come|other-burns,cannot,cannot,cannot,cannot,cannot,cannot,cannot,cannot,cannot,cannot,cannot,event,event,event,cannot,cannot,
d233fed8-b68f-4040-91bd-71921c80c07a,2026-08-27T07:33:26Z,en,Anonymous,want-to-come|builder-org,build-event|event,build-event|event,build-event|event,build-event|event,build-event|event,build-event|event,build-event|event,build-event|event,cannot,cannot,cannot,cannot,build-event|event,build-event|event,build-event|event,build-event|event,
81a5b46f-fcf9-4006-98a2-30dd5e6f888c,2026-08-27T07:40:39Z,en,Anonymous,want-to-come|other-burns,cannot,cannot,cannot,cannot,cannot,cannot,cannot,cannot,cannot,cannot,build-barrio|build-event|event|org-strike,build-barrio|build-event|event|org-strike,build-barrio|build-event|event|org-strike,build-barrio|build-event|event|org-strike,build-barrio|build-event|event|org-strike,cannot,"Please, please, please let's get Elsewhere moved to September! 🙏"
e2c2e067-8fd6-4f53-9955-cefb36ffdcd3,2026-08-27T08:00:15Z,de,Identified,want-to-come|other-burns,cannot,cannot,cannot,cannot,cannot,cannot,cannot,cannot,event|org-strike,build-barrio|event|org-strike,build-barrio|event|org-strike,cannot,cannot,cannot,cannot,cannot,
07bfdbd0-c91b-47fa-ad39-c98ade228435,2026-08-27T08:44:25Z,fr,Identified,want-to-come,cannot,cannot,cannot,cannot,cannot,cannot,cannot,event,event,event,cannot,cannot,cannot,cannot,cannot,cannot,My only obligation is my children and the school calendar.
33039f10-9e4d-4fc8-87ce-739b4ff5799b,2026-08-27T09:05:41Z,en,Identified,want-to-come|builder-barrio,cannot,cannot,cannot,cannot,cannot,build-barrio|build-event|event|org-strike,build-barrio|build-event|event|org-strike,build-barrio|build-event|event|org-strike,build-barrio|build-event|event|org-strike,build-barrio|build-event|event|org-strike,build-barrio|build-event|event|org-strike,build-barrio|build-event|event|org-strike,build-barrio|build-event|event|org-strike,build-barrio|build-event|event|org-strike,build-barrio|build-event|event|org-strike,cannot,"For 2027, I could attend in June, July or September. October is too cold. After 2027, May is also a good option. "
12bf4cd9-d8de-4156-bc90-62d23182e8d1,2026-08-27T09:12:30Z,en,Anonymous,want-to-come|builder-barrio|other-burns,cannot,cannot,cannot,cannot,cannot,build-event,build-barrio|build-event|event,build-barrio|build-event|event|org-strike,build-barrio|build-event|event|org-strike,build-barrio|build-event|event|org-strike,event|org-strike,cannot,cannot,cannot,cannot,cannot,
aed04162-51c2-4681-a463-e339260c0052,2026-08-27T09:39:14Z,fr,CompletionTracked,want-to-come,cannot,cannot,cannot,cannot,cannot,cannot,cannot,event,event,event,cannot,cannot,cannot,cannot,cannot,cannot,
7998a8b1-77ad-439a-b26a-683ee3cdc6b1,2026-08-27T09:46:04Z,en,CompletionTracked,want-to-come|strike|other-burns,cannot,cannot,cannot,cannot,cannot,cannot,cannot,cannot,cannot,event|org-strike,event|org-strike,build-barrio|event,build-barrio|event,cannot,cannot,cannot,
9d4603c3-229e-48f2-834e-dd888e9ed6aa,2026-08-27T10:11:49Z,es,Identified,want-to-come|builder-barrio,cannot,cannot,cannot,cannot,build-event,build-event|event,build-event,build-barrio|build-event|org-strike,event,org-strike,org-strike,build-event,build-barrio|build-event,event,org-strike,org-strike,
e5cbdb62-6765-42cc-951b-338bcb640004,2026-08-27T11:49:06Z,fr,Identified,want-to-come|builder-barrio,build-barrio|event,build-barrio|event,build-barrio|event,build-barrio|event,event,event,cannot,cannot,cannot,cannot,cannot,cannot,cannot,event,event,event,"Mai me convient le mieux pour profiter de la période des jours féries en France
Septembre c'est trop compliqué car c'est la rentrée
Octobre pas idéal non plus pour mon agenda
Je suggère aussi également que l'on recherche un autre site qui ne soit pas dans le désert ! Et permette de garder l'évènement en été là où davantage de monde est disponible. Un lieu près d'un lac ou d'une rivière par exemple :)"
23dc4b6c-de0a-4cd2-ad4b-d0906a70aff6,2026-08-27T11:54:20Z,fr,Anonymous,want-to-come|builder-barrio|other-burns,build-barrio|event,build-barrio|event,build-barrio|event,build-barrio|event,build-barrio|event,build-barrio|event,build-barrio|event,build-barrio|event,build-barrio|event,build-barrio|event,build-barrio|event,cannot,cannot,cannot,build-barrio|event,build-barrio|event,Hard choice ! Thanks to work on this difficult evolution :D
6bf9fd5d-7add-4cdc-9fcc-b09c6f3e9aa7,2026-08-27T11:54:22Z,fr,Anonymous,want-to-come|builder-barrio|other-burns,event,event,event,event,event,event,event,cannot,cannot,cannot,cannot,event,event,event,event,event,Ras
1bc0d976-c8ea-4888-983e-c76df8a14438,2026-08-27T12:00:12Z,de,Anonymous,want-to-come,cannot,cannot,cannot,cannot,cannot,build-event|event,event|org-strike,cannot,cannot,event,build-event|event,event,cannot,cannot,cannot,cannot,
fbefba8b-d5a1-4b82-ae84-2473ee55ee29,2026-08-27T12:00:15Z,fr,Anonymous,want-to-come|builder-barrio,build-barrio|event|org-strike,build-barrio|event|org-strike,cannot,build-barrio|event|org-strike,build-barrio|event|org-strike,cannot,cannot,cannot,cannot,cannot,cannot,build-barrio|event|org-strike,build-barrio|event|org-strike,build-barrio|event|org-strike,build-barrio|event|org-strike,build-barrio|event|org-strike,"Vraiment merci de reconsidérer les dates du Elsewhere, ça fait 2 ans que je ne viens plus à l'event spécifiquement pour ces raisons de chaleur et de risques incendie (et puis bon pour le prix en partie aussi ^^). Et je connais pas mal de gens qui vont clairement reconsidérer leur venue à l'event exactement pour ces raisons de grosses chaleurs intenables.
Dommage que dans les propositions des dates il n'y ai pas la colonne ""je ne veux pas"" car toute les dates de mi juin à mi septembre, c'est pas que ""je ne peux pas"" venir à Elsewhere, mais surtout que ""je ne veux plus"" venir sur ces périodes là! :)

Thank you so much to consider changing the dates, I know many people who could come back to Elsewhere for this specific reason!"
0555d329-dc78-4eb8-956d-e3dcc8d5a23a,2026-08-27T12:12:38Z,en,Anonymous,want-to-come|other-burns,cannot,cannot,cannot,cannot,build-event,event,event,cannot,cannot,cannot,event,event,event,event,event,event,Make Nowhere breathable again! Thanks for the efforts in organising. 
38f8cc80-4ea7-4c87-9bdb-1dcdec1d251b,2026-08-27T12:20:28Z,en,Anonymous,want-to-come|other-burns,event,event,event,event,event,cannot,cannot,cannot,cannot,cannot,event,event,cannot,event,event,event,
d8248c8c-e220-4a91-a7a5-6498754b6137,2026-08-27T12:37:30Z,es,Anonymous,want-to-come,cannot,cannot,cannot,cannot,cannot,cannot,event,cannot,cannot,cannot,event,cannot,cannot,cannot,cannot,cannot,
3c0660d8-0fce-45b2-801d-d5147070f420,2026-08-27T12:37:41Z,fr,Anonymous,want-to-come|other-burns,event,event,cannot,cannot,cannot,event,cannot,cannot,cannot,cannot,cannot,event,event,event,event,event,
ccdcd52b-1480-49ca-bbac-104dcaa507cf,2026-08-27T13:09:37Z,es,Anonymous,want-to-come,event,event,event,event,event,cannot,cannot,cannot,cannot,cannot,cannot,event,event,event,event,event,Podría celebrarse en el mes de mayo o septiembre para evitar riesgos de incendio ni temperaturas extremas
e12fdea7-ef06-4a51-b5db-4f0049ab7867,2026-08-27T13:13:56Z,en,Anonymous,want-to-come|other-burns,cannot,cannot,cannot,cannot,build-barrio|build-event|event|org-strike,cannot,cannot,cannot,cannot,cannot,cannot,cannot,cannot,cannot,cannot,cannot,I ate the cost of my ticket this year and didn't join due to severe heat.
583a4121-3e00-40e2-bbd6-dd33fe946fff,2026-08-27T13:50:36Z,de,Identified,want-to-come|builder-barrio|other-burns,build-event|event,build-event|event,build-event|event,build-event|event,build-event|event,build-event|event,event,event,event,event,event,build-event|event,build-event|event,build-event|event,build-event|event,build-event|event,
6fe4bbf0-cdcc-43f5-88b1-ec4367d1b2ba,2026-08-27T15:29:36Z,it,CompletionTracked,want-to-come|builder-barrio|other-burns,cannot,build-event|cannot,build-barrio|build-event|event,event|org-strike,org-strike,cannot,cannot,cannot,cannot,cannot,build-barrio|build-event,build-barrio|build-event|event,build-event|event|org-strike,event|org-strike,org-strike,cannot,Ho escluso la prima settimana di maggio perché in quei giorni c'è il Sardinia Burn.
eccda92b-91b1-480f-9e56-9acc44bbe976,2026-08-27T15:45:07Z,fr,Anonymous,want-to-come,build-barrio|event,build-barrio|event,build-barrio|event,cannot,cannot,build-barrio|event,cannot,cannot,cannot,cannot,event,build-barrio|event,cannot,cannot,cannot,cannot,
de54bfa2-958c-4c4f-adc7-8404f434d2fc,2026-08-27T17:28:01Z,en,Anonymous,want-to-come|other-burns,cannot,cannot,cannot,cannot,build-barrio|build-event|event|org-strike,build-barrio|build-event|event|org-strike,build-barrio|build-event|event|org-strike,event,event,org-strike,build-barrio|build-event|event,build-barrio|build-event|event|org-strike,build-barrio|build-event|event|org-strike,cannot,cannot,cannot,"I would love it to be less hot but not too rainy.
Honestly I don't think the dates are the problem but the location, if we had a lake or a river the heat could be easier to handle.
"
1c963d02-bdcc-4530-a933-ac645d5d91b3,2026-08-27T17:28:50Z,fr,Anonymous,want-to-come,event,event,event,event,event,event,event,event,event,event,cannot,cannot,event,event,event,event,
a64957de-783a-42cd-8999-57cdfb83f4dc,2026-08-27T17:54:19Z,en,Identified,want-to-come|builder-org|builder-barrio|other-burns,build-barrio|build-event|event|org-strike,build-barrio|build-event|event|org-strike,build-barrio|build-event|event|org-strike,build-barrio|build-event|event|org-strike,build-barrio|build-event|event|org-strike,build-barrio|build-event|event|org-strike,build-barrio|build-event|event|org-strike,build-barrio|build-event|event|org-strike,build-barrio|build-event|event|org-strike,build-barrio|build-event|event|org-strike,build-barrio|build-event|event|org-strike,build-barrio|build-event|event|org-strike,build-barrio|build-event|event|org-strike,build-barrio|build-event|event|org-strike,build-barrio|build-event|event|org-strike,build-barrio|build-event|event|org-strike,"After reading https://nobodies.team/event-dates-2027.html i agree it is better to have an event than be cancelled. I agree with the previous referendum/vote that the heat and struggle is what makes nowhere. So going too far out of the hot season bracket would severely change the event for the worst; But fire risk/evacuation concerns are important. If the majority want to run the risk of the same/old dates im in, but i also agree with an alternate event date. 14th june seems good. Increased rain chance, but still hot. But as im not aware of how much the access road is used during build i am unable to gauge if the harvest activity is a major concern to production or the festival in general. 14th June to 11th july is my preferred date range"
e42ab57b-5cfc-44c5-8548-ba6cbb78e350,2026-08-27T18:03:57Z,fr,Anonymous,want-to-come|builder-barrio|strike|other-burns,build-barrio|build-event|event|org-strike,build-barrio|build-event|event|org-strike,build-barrio|build-event|event|org-strike,build-barrio|build-event|event|org-strike,build-barrio|build-event|event|org-strike,build-barrio|build-event|event|org-strike,build-barrio|build-event|event|org-strike,build-barrio|build-event|event|org-strike,build-barrio|build-event|event|org-strike,build-barrio|build-event|event|org-strike,build-barrio|build-event|event|org-strike,build-barrio|build-event|event|org-strike,build-barrio|build-event|event|org-strike,build-barrio|build-event|event|org-strike,build-barrio|build-event|event|org-strike,build-barrio|build-event|event|org-strike,
ff865d78-e392-449a-8118-d957ac521022,2026-08-27T18:45:11Z,en,Anonymous,want-to-come|builder-barrio|strike|other-burns,build-barrio|event|org-strike,build-barrio|event|org-strike,build-barrio|event|org-strike,build-barrio|event|org-strike,build-barrio|event|org-strike,build-barrio|event|org-strike,build-barrio|event|org-strike,cannot,cannot,cannot,build-barrio|event|org-strike,build-barrio|event|org-strike,build-barrio|event|org-strike,build-barrio|event|org-strike,build-barrio|event|org-strike,build-barrio|event|org-strike,
de23780c-c795-4be7-af31-3181e08600b4,2026-08-27T19:12:50Z,en,Identified,want-to-come|builder-barrio,build-barrio|build-event|event|org-strike,build-barrio|build-event|event|org-strike,build-barrio|build-event|event|org-strike,build-barrio|build-event|event|org-strike,build-barrio|event|org-strike,event|org-strike,cannot,cannot,cannot,build-barrio|build-event|event,build-barrio|build-event|event|org-strike,build-barrio|build-event|event|org-strike,build-barrio|event|org-strike,event|org-strike,cannot,cannot,"June is exam time, I'm expecting to be very busy teaching for students' revisions, hence I won't be free to attend Elsewhere during that time. October is the start of the busy schedule for me, so again I may not come during that time."
ebdb4a35-f89d-4733-9535-30d1d51789d3,2026-08-27T20:09:09Z,en,Anonymous,want-to-come|builder-barrio|other-burns,cannot,event,cannot,cannot,event|org-strike,cannot,cannot,cannot,event,build-barrio|build-event|event|org-strike,event|org-strike,cannot,cannot,cannot,cannot,event|org-strike,"I would like it to change season too, but  sadly I’m just too busy at other times with different projects/jobs to commit two full weeks. "
60516340-966c-4b14-8e30-d63c558c1918,2026-08-27T21:22:12Z,it,Identified,want-to-come|builder-org|builder-barrio,cannot,build-barrio|event,build-barrio|build-event|event,build-barrio|build-event|event,build-barrio|build-event|event,build-barrio|build-event|event,build-barrio|build-event|event,build-barrio|build-event|event,build-barrio|build-event|event,build-barrio|build-event|event,cannot,cannot,cannot,cannot,cannot,cannot,
6ac8e781-c85a-41df-bade-74a94686eb08,2026-08-27T23:17:01Z,en,Identified,want-to-come,event,cannot,cannot,cannot,cannot,cannot,cannot,cannot,cannot,event|org-strike,cannot,cannot,cannot,cannot,cannot,cannot,"I am a teacher in a public school in France, therefore submitted to the school holidays"
fc54586f-d3e6-41d9-98e9-b59f9337e4ee,2026-08-28T04:28:50Z,en,CompletionTracked,want-to-come|builder-barrio|strike|other-burns,cannot,cannot,build-barrio|event|org-strike,build-barrio|event|org-strike,build-barrio|event|org-strike,build-barrio|event|org-strike,build-barrio|event|org-strike,build-barrio|event|org-strike,build-barrio|event|org-strike,build-barrio|event|org-strike,build-barrio|event|org-strike,build-barrio|event|org-strike,cannot,cannot,cannot,cannot,
6fd83124-fca7-4c83-814d-757ae24781ea,2026-08-28T07:59:04Z,en,Identified,want-to-come,cannot,cannot,cannot,cannot,event,event,event,event,event,event,event,event,event,event,cannot,cannot,
60c0891f-eee6-4b49-83f6-bcc48f3a9c64,2026-08-28T08:31:10Z,es,Anonymous,want-to-come|builder-barrio,cannot,cannot,cannot,cannot,cannot,cannot,cannot,cannot,cannot,cannot,event,event,event,event,event,cannot,
88af1093-7047-44c4-b517-2aa8b6b62fda,2026-08-28T08:33:28Z,es,Anonymous,want-to-come|builder-barrio,event,cannot,cannot,cannot,cannot,cannot,cannot,cannot,cannot,cannot,build-event|event|org-strike,build-event|event|org-strike,build-event|event|org-strike,build-event|event|org-strike,build-event|event|org-strike,build-event|event|org-strike,
b342bbc6-fa2d-4940-9630-4673c53dbbe3,2026-08-28T08:34:53Z,en,Anonymous,want-to-come|builder-barrio|strike|other-burns,cannot,cannot,cannot,cannot,event,event,cannot,cannot,cannot,cannot,event,event,event,event,event,event,
dcc38bcc-6859-4dae-9a05-34bf6ec1906d,2026-08-28T08:49:19Z,en,Anonymous,want-to-come|builder-barrio|other-burns,cannot,cannot,cannot,cannot,cannot,build-barrio|event,event,cannot,cannot,cannot,build-event,build-barrio|event,build-barrio|event,build-barrio|event|org-strike,build-barrio|event|org-strike,build-barrio|event,
08e5ab39-38fc-42c2-a100-6badd1362ba2,2026-08-28T08:53:14Z,en,Anonymous,want-to-come|builder-barrio|other-burns,cannot,cannot,cannot,cannot,cannot,cannot,cannot,event,cannot,cannot,cannot,cannot,build-barrio|event,build-barrio|event,build-barrio|event,build-barrio|event,
0d786f10-5a0c-4c6a-bb88-f90d744fc791,2026-08-28T10:23:07Z,en,Identified,want-to-come|builder-barrio,build-barrio|event,cannot,cannot,build-barrio|event,build-barrio|event,build-barrio|event,cannot,cannot,cannot,cannot,build-barrio|event,build-barrio|event,build-barrio|event,build-barrio|event,build-barrio|event,build-barrio|event,I fully support the date move. Both the heat and the fire risk are dangerous during the current event period. 
9f9f0ee2-aa34-4737-9b10-9ec6e5b88c92,2026-08-28T12:01:49Z,fr,Anonymous,want-to-come,cannot,cannot,cannot,cannot,cannot,cannot,cannot,event,event,event,cannot,cannot,cannot,cannot,cannot,cannot,Je suis enseignante et ne suis donc disponible que l'été...... Merci pour tout 🙏🏻
74b9ca0f-9261-42c9-92c1-bb97f1b15dc2,2026-08-28T13:05:09Z,en,Identified,want-to-come|builder-barrio|strike,build-barrio|event|org-strike,build-barrio|event|org-strike,build-barrio|event|org-strike,build-barrio|event|org-strike,build-barrio|event|org-strike,build-barrio|event|org-strike,build-barrio|event|org-strike,cannot,cannot,cannot,cannot,build-barrio|event|org-strike,cannot,build-barrio|event|org-strike,build-barrio|event|org-strike,build-barrio|event|org-strike,I would welcome milder temperatures.
fe21d445-b490-43a8-a2c2-aa3a7e8e49c4,2026-08-28T13:20:46Z,en,Anonymous,want-to-come|builder-barrio|strike|other-burns,build-barrio|build-event,build-barrio|build-event|event,build-barrio|build-event|event|org-strike,build-barrio|build-event|event|org-strike,build-barrio|build-event|event|org-strike,org-strike,cannot,cannot,cannot,cannot,cannot,build-barrio|build-event,build-barrio|build-event|event|org-strike,build-barrio|build-event|event|org-strike,build-barrio|build-event|event|org-strike,build-barrio|build-event|event|org-strike,
9ca867cf-67ab-41ba-9c36-9b46b3d92568,2026-08-28T14:44:22Z,en,Anonymous,want-to-come|other-burns,cannot,event,cannot,cannot,cannot,cannot,cannot,cannot,cannot,cannot,build-event|event,build-event|event,build-event|event,build-event|event,cannot,cannot,
d489bfb3-2641-4bc6-8fde-969d7868ef2b,2026-08-28T15:03:50Z,en,Identified,want-to-come|builder-org|builder-barrio|strike,cannot,cannot,cannot,cannot,cannot,cannot,event|org-strike,build-barrio|event|org-strike,build-barrio|build-event|event|org-strike,build-barrio|build-event|event|org-strike,cannot,cannot,cannot,cannot,cannot,cannot,
fb02aa2e-9714-4b9a-8f8e-569e84e1d366,2026-08-28T15:27:32Z,fr,Anonymous,want-to-come|builder-barrio|strike|other-burns,cannot,cannot,cannot,cannot,cannot,cannot,build-barrio|event|org-strike,build-barrio|event|org-strike,build-barrio|event|org-strike,build-barrio|event|org-strike,build-barrio|event|org-strike,build-barrio|event|org-strike,build-barrio|event|org-strike,build-barrio|event|org-strike,cannot,cannot,
fa3a36ea-7d00-48fb-8c6b-89017b4ba225,2026-08-28T17:41:14Z,en,Identified,want-to-come|builder-barrio|strike|other-burns,cannot,cannot,cannot,event,build-barrio|build-event|event,build-barrio|build-event|event,cannot,cannot,build-barrio|build-event|event|org-strike,build-barrio|build-event|event|org-strike,build-barrio|build-event|event|org-strike,build-barrio|build-event|event|org-strike,build-barrio|build-event|event,build-barrio|build-event|event,build-event|event,build-event|event,
00c8d4ac-04ad-4802-87f7-a3b2c6744992,2026-08-28T20:08:42Z,en,Identified,want-to-come|builder-barrio,build-event|event,build-event|event,build-event|event,build-event|event,build-event|event,build-event|event,build-event|event,build-event|event,build-event|event,build-event|event,build-event|event,build-barrio|build-event|event|org-strike,build-event|event,cannot,cannot,cannot,
7ee36b5e-663b-4d05-9c63-32099b73cf40,2026-08-28T20:13:28Z,de,Anonymous,want-to-come|builder-barrio,cannot,cannot,cannot,cannot,cannot,event,cannot,cannot,cannot,cannot,cannot,build-barrio|event,build-barrio|event,event,build-barrio|build-event|event|org-strike,build-barrio|build-event|event|org-strike,Elsewhere in the fall means I can do project in the spring and one in the autumn! Also better for the bird-protection-risks for sure. 
a68e47ed-48f7-44e2-b243-554a07a71e20,2026-08-28T20:54:55Z,en,Identified,want-to-come|builder-barrio|strike,cannot,cannot,cannot,cannot,cannot,cannot,event|org-strike,build-barrio|event|org-strike,build-barrio|event|org-strike,build-barrio|event|org-strike,build-barrio|event|org-strike,build-barrio|event|org-strike,build-barrio|event|org-strike,build-barrio|event|org-strike,build-barrio|event|org-strike,build-barrio|event|org-strike,"October - it gets dark quite early, build and strike will be harder"
6484f685-37c7-4e95-9563-24cf17a05af0,2026-08-29T08:16:20Z,en,Anonymous,want-to-come,cannot,cannot,cannot,cannot,cannot,cannot,cannot,event,cannot,cannot,event,event,event,cannot,cannot,cannot,
36d77799-6bfb-4d1e-85fa-e30880510c08,2026-08-29T08:18:28Z,en,Identified,want-to-come|builder-org|builder-barrio|other-burns,build-barrio|build-event|event,build-barrio|build-event|event,build-barrio|build-event|event,build-barrio|build-event|event,build-barrio|build-event|event,build-barrio|build-event|event,cannot,cannot,cannot,cannot,build-barrio|build-event|event,build-barrio|build-event|event,build-barrio|build-event|event,cannot,cannot,cannot,
c76bd595-b678-4440-b5e4-c459ec83ce4b,2026-08-29T08:45:00Z,en,Identified,want-to-come,cannot,cannot,cannot,cannot,cannot,cannot,event|org-strike,event|org-strike,event|org-strike,event|org-strike,event|org-strike,cannot,cannot,cannot,cannot,cannot,
a5cb83c0-5f05-4127-baf3-66f26e5d9c32,2026-08-29T21:11:05Z,en,Identified,want-to-come,event,event,cannot,cannot,cannot,event,event,event,event,event,cannot,cannot,cannot,cannot,event,event,
cfbba3c3-7a7b-41fa-ab37-d56f1332faec,2026-08-30T04:15:03Z,fr,Anonymous,want-to-come|other-burns,cannot,cannot,cannot,cannot,cannot,cannot,cannot,cannot,cannot,cannot,cannot,cannot,cannot,build-event|event,build-event|event,build-event|event,
b1a26619-3833-4cfb-87e8-b7183a11b1dc,2026-08-30T06:02:36Z,en,Identified,want-to-come|builder-barrio|strike|other-burns,cannot,build-barrio|build-event|event|org-strike,cannot,cannot,cannot,build-barrio|build-event|event|org-strike,cannot,cannot,cannot,cannot,cannot,cannot,cannot,cannot,build-barrio|build-event|event|org-strike,build-barrio|build-event|event|org-strike,
0454c017-8304-4495-a9bf-cc8deed22662,2026-08-30T08:18:51Z,en,Identified,want-to-come|builder-org|builder-barrio|strike,cannot,cannot,cannot,cannot,cannot,cannot,cannot,cannot,event|org-strike,build-barrio|event|org-strike,build-barrio|build-event|event|org-strike,build-barrio|build-event|event|org-strike,build-barrio|build-event|event|org-strike,build-barrio|build-event|event|org-strike,build-barrio|build-event|event|org-strike,build-barrio|build-event|event|org-strike,"This voting is unclear. Are you asking me if I can make it or if I think it's a good idea? I answered the first, since that is literally the question, but I don't think we should try to organise in July or August anymore. 

The dates that I can't make it have to do with a course that I'm taking, which only takes a year. So this is a vote about the next event to me, not about the ones after necessarily. "
0b713bb4-9b2f-4ce6-ac3a-085c95331e15,2026-08-30T09:47:38Z,en,Identified,want-to-come|builder-barrio|strike|other-burns,cannot,cannot,cannot,cannot,cannot,build-barrio|event|org-strike,build-barrio|event|org-strike,build-barrio|event|org-strike,event,event,cannot,cannot,cannot,cannot,cannot,cannot,
256b44ac-1af1-4af0-8476-08ebe16fd01d,2026-08-30T10:06:03Z,en,Anonymous,want-to-come|builder-barrio|other-burns,build-barrio|build-event|event|org-strike,build-barrio|build-event|event|org-strike,build-barrio|build-event|event|org-strike,build-barrio|build-event|event|org-strike,build-barrio|build-event|event|org-strike,build-barrio|build-event|event|org-strike,build-barrio|build-event|event|org-strike,cannot,cannot,cannot,build-barrio|build-event|event|org-strike,build-barrio|build-event|event|org-strike,build-barrio|build-event|event|org-strike,build-barrio|build-event|event|org-strike,build-barrio|build-event|event|org-strike,build-barrio|build-event|event|org-strike,
49834d45-254d-4505-bde9-1c9c2c923890,2026-08-30T16:00:47Z,en,Anonymous,want-to-come|builder-barrio|strike|other-burns,cannot,cannot,cannot,cannot,cannot,cannot,cannot,cannot,cannot,cannot,build-barrio|build-event|cannot|event|org-strike,build-barrio|build-event|cannot|event|org-strike,build-barrio|build-event|cannot|event|org-strike,build-barrio|build-event|cannot|event|org-strike,build-barrio|build-event|cannot|event|org-strike,build-barrio|build-event|cannot|event|org-strike,
652ee658-b0fa-4ce1-9b46-15e8a8fab9ba,2026-08-30T17:01:25Z,fr,Identified,want-to-come|builder-barrio|strike|other-burns,build-event,build-barrio|build-event|event,build-barrio|event,org-strike,org-strike,org-strike,cannot,cannot,cannot,build-event,build-barrio|build-event,build-barrio|build-event|event,event,event|org-strike,org-strike,org-strike,/
f802a0b8-9134-44ac-9f47-a0826902351b,2026-08-30T18:24:16Z,en,Identified,want-to-come|builder-barrio|other-burns,cannot,cannot,build-barrio,build-barrio|event,build-barrio|event,build-barrio|event,build-barrio|event,event,cannot,cannot,cannot,cannot,cannot,cannot,cannot,cannot,
27b045b1-2344-4513-8c9d-6597403792e8,2026-08-30T20:42:57Z,en,Identified,want-to-come,cannot,cannot,cannot,event,event,event,cannot,cannot,cannot,cannot,event,event,event,event,event,event,"Hi folks, please react to global warming - this year's July was awfully hot in los Monegros and higher summer temperatures are to be expected. 
I can stand heat but there, even when the nights were wonderfully warm, after 9 or 10 am the temperature went up so fast and the heat was so violent until 7 or 8 pm that it was not really possible to sleep or recover. 
Until this year my opinion was: it needs to be so hot to ensure that only people go that REALLY want to be there. This year I changed my mind:  switch to end of May or September/ October  not to exclude people who really want to go but are physically not able to stand that much heat!  
Rock on guys, see u hopefully next late spring or early autumn... Peace & love "
500da1be-3f19-47a9-934d-76466665730c,2026-08-30T21:48:47Z,de,Anonymous,want-to-come,event,event,event,event,event,event,cannot,cannot,cannot,cannot,cannot,event,event,event,event,event,
75f7f665-245a-44aa-9600-1b654092bd56,2026-08-31T06:46:28Z,en,Identified,want-to-come|other-burns,cannot,cannot,cannot,cannot,cannot,cannot,cannot,build-barrio|build-event|event|org-strike,cannot,cannot,build-barrio|build-event|event|org-strike,build-barrio|build-event|event|org-strike,cannot,cannot,cannot,cannot,"I selected these dates because the weather still is warm but not extremely hot. The chances of rain are also relatively low. 
and the time distance to Afrika Burn is longer, which also allows to join AB if Nowhere is held in September "
85a694d4-c56c-4b52-9e63-b87185afee1a,2026-08-31T07:05:12Z,en,Anonymous,want-to-come|other-burns,build-barrio|event|org-strike,build-barrio|event|org-strike,build-barrio|event|org-strike,build-barrio|event|org-strike,build-barrio|event|org-strike,build-barrio|event|org-strike,cannot,cannot,cannot,cannot,cannot,build-barrio|event|org-strike,build-barrio|event|org-strike,build-barrio|event|org-strike,build-barrio|event|org-strike,build-barrio|event|org-strike,
fdc37545-273b-4080-a8a8-bea216e36a52,2026-08-31T09:08:53Z,en,Identified,want-to-come,cannot,cannot,cannot,cannot,cannot,cannot,cannot,cannot,cannot,cannot,cannot,event,event,event,event,cannot,"I have a big art work to deliver July 5 next year.  But generally, I think fall would be a good time to have the event"
5ae8df3d-9d5a-4da4-9b88-34136705e72c,2026-08-31T09:14:32Z,es,Identified,want-to-come|builder-barrio,event,event,event,event,event,event,event,event,event,event,event,event,event,event,event,event,"Soy local y puedo participar en cualquier fecha, pero me gustan más los meses con calor. Prefiero junio, más calor y menos riesgo de incendios. En septiembre  y octubre puede llover y la temperatura es más baja. Pero este tiempo está loco, así que cualquier opción es un riesgo... "
2548cb63-f58c-4087-b162-ed5905bf26a1,2026-08-31T09:17:18Z,en,Identified,want-to-come|builder-barrio|other-burns,event,event,event,event,event,event,event,build-barrio|event,build-barrio|event,build-barrio|event,build-barrio|event,build-barrio|event,event,event,event,event,Elsewhere 2027 is my priority and I can move things around.
f98e5b3b-2a07-490b-a877-a2048e11dfd0,2026-08-31T09:28:04Z,en,Identified,want-to-come|builder-barrio,cannot,cannot,cannot,build-barrio|event,build-barrio|event,build-barrio|event,build-barrio|event,build-barrio|event,build-barrio|event,build-barrio|event,cannot,cannot,cannot,cannot,cannot,cannot,
3b79f8b4-1e61-4447-880d-d6dcc44c4877,2026-08-31T09:30:41Z,en,Identified,want-to-come|other-burns,event,event,event,cannot,cannot,event,event,event,event,event,event,event,event,event,event,event,"je participe à Crème brulée qui a lieu normalement fin mai. ne connaissant pas encore la date j'ai préféré ne pas sélectionner les 2 week end potentiels.
je trouve que c'est une très bonne idée de décaler l'Elsewhere en juin ou en septembre et vous soutiens. 
merci beaucoup pour tout ce que vous faites. "
26e450f3-0008-4787-8452-6e822b08bfe0,2026-08-31T09:32:04Z,en,Identified,want-to-come,cannot,cannot,event,event,event,event,event,event,cannot,cannot,event,event,event,event,event,event,
601afeaf-adbe-4213-b461-87c2effe0eb7,2026-08-31T09:32:53Z,de,Identified,want-to-come|strike,cannot,cannot,event,event,event,event,event|org-strike,event|org-strike,event|org-strike,event|org-strike,cannot,cannot,cannot,cannot,cannot,cannot,
eb2e8b57-a1d9-4ae0-9437-e8c943dada5e,2026-08-31T09:35:53Z,fr,Anonymous,want-to-come|builder-barrio,cannot,cannot,cannot,cannot,cannot,build-event|event,build-event|event,build-event|event,build-event|event,build-event|event,cannot,cannot,cannot,cannot,cannot,cannot,
1a30340e-aec3-4e3e-b40f-b781fca7c11b,2026-08-31T09:40:16Z,en,Identified,want-to-come|other-burns,event,event,event,event,event,event,event,event,event,event,event,event,event,event,event,event,
0c12e946-e05a-4b44-ae00-52c5f1d0009e,2026-08-31T09:40:36Z,en,Identified,want-to-come|builder-org|other-burns,build-barrio|build-event|event|org-strike,build-barrio|build-event|event|org-strike,build-barrio|build-event|event|org-strike,build-barrio|build-event|event|org-strike,build-barrio|build-event|event|org-strike,build-barrio|build-event|event|org-strike,build-barrio|build-event|event|org-strike,build-barrio|build-event|event|org-strike,build-barrio|build-event|event|org-strike,build-barrio|build-event|event|org-strike,build-barrio|build-event|event|org-strike,build-barrio|build-event|event|org-strike,build-barrio|build-event|event,cannot,cannot,cannot,
a600d585-5f7b-44d6-aee5-5442955e756c,2026-08-31T09:46:03Z,en,Identified,builder-barrio|other-burns,cannot,build-barrio,build-barrio,build-barrio,build-barrio,build-barrio,build-barrio,cannot,cannot,cannot,build-barrio,cannot,cannot,build-barrio,cannot,cannot,
ececeb41-0c82-4f57-a41d-8dd451bbd2bb,2026-08-31T09:50:48Z,en,Identified,builder-barrio|strike,event|org-strike,event|org-strike,event|org-strike,event|org-strike,event|org-strike,event|org-strike,event|org-strike,event|org-strike,cannot,cannot,event|org-strike,event|org-strike,event|org-strike,event|org-strike,event|org-strike,event|org-strike,"The best dates for the event in my opinion would be from end May to beginning of June, as I am considering the overall heat situation even without wildfire risks. If the temperature is slightly more morerate, there will be more to do during the day, unlike in July when workshops often cannot even take place because of the heat."
9e74a87b-247c-4029-af96-549506da8b33,2026-08-31T09:51:40Z,en,Identified,want-to-come|builder-barrio|strike|other-burns,cannot,cannot,cannot,build-barrio,build-barrio|event,build-barrio|event,build-barrio|event,event|org-strike,event,event,build-barrio|event,build-barrio|event,event,org-strike,cannot,cannot,
561ae903-c3c6-4f7c-a932-5c09d869440b,2026-08-31T10:01:51Z,en,Identified,want-to-come|builder-barrio,cannot,cannot,cannot,cannot,cannot,cannot,cannot,cannot,cannot,cannot,build-barrio|event,build-barrio|event,build-barrio|event,build-barrio|event,build-barrio|event,build-barrio|event,"If it was any other year, I wouldn't mind: any date would do."
2ee4e362-8985-4f2c-9c10-98f3975bf2da,2026-08-31T10:06:13Z,en,Identified,want-to-come|other-burns,event,event,cannot,cannot,cannot,event,event,event,event,event,event,event,event,event,event,event,"My ""cannot come"" answers are to keep a large time frame open for the Crème Brulée burn"
4dd7f1d3-fdf7-4109-8b2d-82badbe9b108,2026-08-31T10:12:57Z,en,CompletionTracked,want-to-come|builder-org|other-burns,cannot,cannot,cannot,build-event,build-event,event,cannot,cannot,cannot,cannot,cannot,build-event,build-event,build-event|event,build-event|event,org-strike,May and beginning of June is aaaamazing in the area
1f29650d-5a71-4efa-8ed9-6db5ca6c131d,2026-08-31T10:24:09Z,en,Identified,want-to-come|strike,build-barrio,build-barrio,build-barrio|event|org-strike,build-barrio|event|org-strike,build-barrio|event|org-strike,event|org-strike,event|org-strike,event|org-strike,cannot,cannot,build-event,event,event,event,event,event,
81c4e38c-1866-4d3d-8b8b-4c8db5a05a95,2026-08-31T10:24:20Z,en,CompletionTracked,want-to-come|builder-barrio|strike,build-barrio,build-barrio,build-barrio,build-barrio|event|org-strike,build-barrio|event|org-strike,build-barrio|event|org-strike,build-barrio|event|org-strike,org-strike,org-strike,org-strike,build-barrio|event|org-strike,build-barrio|event|org-strike,build-barrio|event|org-strike,org-strike,cannot,cannot,
58e87875-601d-465c-a9a2-118c8ecd9e0d,2026-08-31T10:25:26Z,en,Identified,want-to-come,event,cannot,cannot,cannot,cannot,cannot,event,cannot,cannot,cannot,cannot,cannot,cannot,cannot,cannot,cannot,
14f974d1-d436-4e9d-8859-fa8af11ffb12,2026-08-31T10:27:53Z,ca,Identified,want-to-come,cannot,cannot,cannot,cannot,event,event,event,event,event,event,event,event,event,event,cannot,cannot,
63e8fca8-551d-445c-b28f-98488467039e,2026-08-31T10:31:43Z,en,Identified,other-burns,build-barrio|event,build-barrio|event,build-barrio|event,build-barrio,event,build-barrio|event,cannot,cannot,cannot,cannot,build-barrio|event,build-barrio|event,event,cannot,cannot,cannot,"From the data you provided I thing 6-12 sept would be the best (rainwise, temperature and wildfire-wise) and I also considered length of the daylight"
87e5cf8d-969f-4893-9e70-c0f753d8f8f3,2026-08-31T10:34:04Z,fr,Identified,want-to-come,cannot,cannot,event,event,event,cannot,cannot,event,event,event,cannot,cannot,event,event,event,event,
9322542b-7135-4fbf-8bb4-6f7cb645e1b7,2026-08-31T10:35:45Z,en,Identified,want-to-come,cannot,cannot,cannot,cannot,cannot,cannot,event,event,event,event,cannot,cannot,cannot,cannot,cannot,cannot,
a3b74917-4563-4951-b297-01965cf76373,2026-08-31T10:41:57Z,en,Identified,want-to-come|builder-barrio|strike|other-burns,cannot,cannot,cannot,cannot,build-barrio|build-event|org-strike,build-barrio|build-event|org-strike,build-barrio|build-event|org-strike,build-barrio|build-event|org-strike,cannot,cannot,build-barrio|build-event|org-strike,build-barrio|build-event|org-strike,cannot,cannot,cannot,cannot,
8e099307-f86e-4009-8768-54eec10b46da,2026-08-31T10:52:12Z,en,Identified,want-to-come|builder-barrio|strike|other-burns,cannot,event,event,event,event,cannot,cannot,cannot,event,event,event,event,event,cannot,cannot,cannot,
76181853-9811-4553-9eab-f0741b298fd8,2026-08-31T10:52:23Z,en,Identified,want-to-come|other-burns,cannot,cannot,cannot,cannot,build-barrio|build-event,event|org-strike,org-strike,cannot,cannot,cannot,cannot,cannot,cannot,cannot,cannot,build-event,To avoid the heat and cancellation because of the fires 
95e48047-8b2b-4f5d-b00d-3ca948a90be9,2026-08-31T10:52:50Z,ca,Identified,want-to-come,event,event,event,event,event,event,cannot,cannot,cannot,cannot,event,cannot,event,event,event,event,"he posat algunes dates perque es més fàcil combinar a nivell familiar perque els fills encara tenen escola o institut i per tant es menys sobrecàrrega epr la nostra parella
he posat dates amb menys temperatura per poder fer activitats esportives i en natura a la zona que si no a l'estiu es casi impracticable excepte a la nit 
les que he posat no puc venir es perque el formulari obliga però no es que no pugui venir es que la probabilitat es més baixa "
412573dd-e305-437e-a8ac-e54e23df44e2,2026-08-31T10:52:51Z,fr,Identified,want-to-come|builder-org,cannot,cannot,cannot,cannot,cannot,cannot,cannot,build-event,build-event,event,cannot,cannot,cannot,cannot,cannot,cannot,
951fa968-a459-40b0-966d-ef88167e1d7c,2026-08-31T10:57:56Z,en,Identified,want-to-come|builder-barrio,cannot|event,cannot|event,cannot|event,build-event|event,build-barrio|event|org-strike,cannot|event,cannot|event,build-barrio|event|org-strike,event,cannot|event,build-barrio|event|org-strike,event,cannot|event,cannot|event,event,build-barrio|build-event|event,nothing to add
b0c63464-99c2-4806-8b4f-3e4c0d85c44f,2026-08-31T10:58:44Z,es,Identified,builder-barrio,cannot,cannot,cannot,cannot,event,event,event,event,event,event,build-barrio|build-event|event,build-barrio|event,event,event,event,event,En mayo participo en un festival autogestionado de voluntaria en la organizacion en Huesca y me sería imposible acudir. 
7d2270a7-c143-4aec-9d98-e5e13b2cb28e,2026-08-31T11:02:22Z,en,Anonymous,want-to-come,event,event,event,event,event,event,event,cannot,cannot,cannot,event,event,event,event,event,event,Would not attend again at the same time of year after the red alert plus days in 2026
78e96954-75b4-4c0d-8cf1-8c060c83611a,2026-08-31T11:02:56Z,en,Identified,builder-barrio,cannot,cannot,cannot,cannot,build-barrio,build-barrio,build-barrio,build-barrio,cannot,cannot,cannot,build-barrio,cannot,cannot,cannot,cannot,
669aa868-bfe5-4bdf-b509-60c2767cc9a8,2026-08-31T11:14:59Z,en,Identified,want-to-come|builder-barrio|other-burns,cannot,cannot,cannot,build-barrio|event,build-barrio|event,build-barrio|event,build-barrio|event,build-barrio|event,build-barrio|event,build-barrio|event,cannot,build-barrio|event,build-barrio|event,cannot,cannot,cannot,
f5305f45-ea21-4d9c-a8c5-c6e344b36ca5,2026-08-31T11:20:16Z,en,Identified,want-to-come|builder-barrio|strike|other-burns,cannot,cannot,build-barrio|build-event|event|org-strike,build-barrio|build-event|event|org-strike,build-barrio|build-event|event|org-strike,build-barrio|build-event|event|org-strike,build-barrio|build-event|event|org-strike,build-barrio|build-event|event|org-strike,build-barrio|build-event|event|org-strike,build-barrio|build-event|event|org-strike,cannot,cannot,cannot,cannot,cannot,cannot,
806fe279-1d75-4863-b074-55ba5371c34c,2026-08-31T11:21:26Z,ca,Identified,want-to-come|other-burns,cannot,cannot,cannot,cannot,cannot,cannot,cannot,cannot,event,event,cannot,cannot,cannot,cannot,cannot,cannot,
ee7ca2a7-1974-4e44-a456-1920630b1593,2026-08-31T11:23:44Z,es,Identified,want-to-come|builder-barrio,build-event|event,cannot,cannot,cannot,cannot,build-barrio|build-event|event,cannot,cannot,cannot,cannot,cannot,build-barrio|build-event|event,build-barrio|build-event|event,build-event|event,cannot,cannot,
796ecd43-81f0-451c-83a7-0c9b25b6bb10,2026-08-31T11:23:52Z,de,Identified,other-burns,cannot,cannot,cannot,cannot,cannot,cannot,cannot,cannot,cannot,cannot,cannot,cannot,cannot,event,event,event,
88d0c7e9-8bfc-469d-b04f-9e83fa5ee950,2026-08-31T11:26:01Z,fr,Identified,want-to-come|builder-barrio|strike,cannot,cannot,cannot,cannot,build-barrio|event|org-strike,build-barrio|event|org-strike,build-barrio|event|org-strike,build-barrio|event|org-strike,build-barrio|event|org-strike,cannot,cannot,cannot,cannot,cannot,cannot,cannot,
f458567f-a779-41c6-a566-c03ff680d26b,2026-08-31T11:29:03Z,es,Identified,want-to-come|builder-barrio|other-burns,event,event,event,event,event,cannot,cannot,cannot,cannot,cannot,event,event,event,event,event,event,
63f45bc5-61f8-48fc-86c4-14d844b782f8,2026-08-31T11:30:35Z,en,Identified,want-to-come,cannot,cannot,cannot,event,build-barrio|build-event|event|org-strike,build-barrio|build-event|event|org-strike,build-barrio|build-event|event|org-strike,build-barrio|build-event|event,build-barrio|build-event|event|org-strike,build-barrio|build-event|event|org-strike,event,event,event,cannot|event,cannot,cannot,"Please don't push it to much towards october, it's almost impossible to conme due to work and way to late in the year"
4f05393f-87a6-4548-9afe-40b6a4a30032,2026-08-31T11:31:09Z,fr,Identified,want-to-come|builder-org|builder-barrio,cannot,cannot,cannot,cannot,cannot,cannot,cannot,cannot,build-barrio,build-barrio,cannot,cannot,build-barrio|build-event,build-barrio|build-event|event,build-barrio|event|org-strike,build-barrio|org-strike,J'ai fait par rapport à mon emploi du temps personnel
f72ad14d-0636-4fc3-9a43-409f11844c28,2026-08-31T11:31:29Z,fr,Identified,want-to-come,event,event,event,event,event,cannot,cannot,cannot,cannot,cannot,cannot,cannot,cannot,event,event,event,
1eb92611-081e-464f-8879-777c9e7df466,2026-08-31T11:39:29Z,de,Identified,want-to-come|builder-org|builder-barrio|other-burns,cannot,cannot,cannot,cannot,cannot,build-barrio|build-event,build-barrio|build-event|event,build-barrio|build-event|event,build-barrio|build-event|event,event,cannot,cannot,cannot,cannot,cannot,cannot,"As I work in Academia it’s impossible to get two weeks off during the semester and the exams after. If we want younger participants we should keep  their availability in mind too. 

Having the event with temperatures in the mid 20s takes a little away from what makes  it unique. The heat allows for nudity outfits most Central European peeps can never wear at other outdoor events. 

In general moving  the dates might lead to a late announcement of when the event will happen. If we take the decision maybe move the implementation to  2028 and give more planning certainty in 2027 early. Especially when combined with moving the site. "
6a968876-219c-40e2-b530-78b9488492e5,2026-08-31T11:40:23Z,en,Identified,want-to-come|builder-barrio,build-barrio|build-event|event|org-strike,build-barrio|build-event|event|org-strike,build-barrio|build-event|event|org-strike,build-barrio|build-event|event|org-strike,build-barrio|build-event|event|org-strike,build-barrio|build-event|event|org-strike,cannot,cannot,cannot,cannot,build-barrio|build-event|event|org-strike,build-barrio|build-event|event|org-strike,build-barrio|build-event|event|org-strike,build-barrio|build-event|event|org-strike,build-barrio|build-event|event|org-strike,build-barrio|build-event|event|org-strike,
b257df9f-a601-4009-8f10-a4ad912a6ba0,2026-08-31T11:41:31Z,es,Identified,want-to-come|builder-org|other-burns,build-barrio|build-event|event|org-strike,build-barrio|build-event|event|org-strike,build-barrio|build-event|event|org-strike,build-barrio|build-event|event|org-strike,build-barrio|build-event|event|org-strike,build-barrio|build-event|event|org-strike,build-barrio|build-event|event|org-strike,cannot,cannot,cannot,cannot,build-barrio|build-event|event|org-strike,build-barrio|build-event|event|org-strike,build-barrio|build-event|event|org-strike,build-barrio|build-event|event|org-strike,build-barrio|build-event|event|org-strike,
0e9e9406-6252-4c66-8e4e-a33e3075067b,2026-08-31T11:43:50Z,en,Identified,want-to-come|strike,cannot,cannot,cannot,cannot,cannot,cannot,cannot,cannot,cannot,cannot,event,event,event,event,event,event,
b1a98b93-5831-4b64-9eae-75e8ce042516,2026-08-31T11:44:18Z,en,Identified,want-to-come|builder-barrio|strike,cannot,cannot,cannot,cannot,cannot,build-barrio|build-event|event|org-strike,build-barrio|build-event|event|org-strike,build-barrio|build-event|event|org-strike,build-barrio|build-event|event|org-strike,cannot,cannot,cannot,cannot,cannot,cannot,cannot,
78a74974-cd3d-4ee7-afe9-2679e6d2d65f,2026-08-31T11:44:32Z,ca,Identified,want-to-come|builder-org|builder-barrio,build-event|event,build-event|event,build-event|event,build-event|event,build-event|event,build-event|event,build-event|event,build-event|event,cannot,cannot,build-event|event,build-event|event,build-event|event,build-event|event,build-event|event,build-event|event,
ca063e82-d294-4ab0-a386-13e8c7ac6cf5,2026-08-31T11:45:53Z,en,Identified,want-to-come|builder-org|builder-barrio|strike|other-burns,cannot,cannot,cannot,cannot,cannot,cannot,cannot,build-barrio|event|org-strike,build-barrio|build-event|event|org-strike,build-barrio|build-event|event|org-strike,cannot,cannot,cannot,cannot,cannot,cannot,"Unfortunately, any other dates outside the end of June and July clash with other Regional Burns I am interested on being part on not only during event time, or are already participating in during Set up or Strike as well as event time. The risk of forest fires and intense/high temperatires has always been part of Nowhere. I do understand that every year, since 2022, laws and regulation of activities have become tougher to manage. "
4f4401ac-4f3e-454a-876d-7d3baf03b602,2026-08-31T11:48:02Z,en,Identified,want-to-come|builder-barrio|other-burns,cannot,cannot,cannot,cannot,event,event,event,event,event,event,cannot,cannot,cannot,cannot,cannot,cannot,None
fba3bc44-0e73-45e5-8668-ac98cae0ef56,2026-08-31T11:48:21Z,en,Identified,want-to-come,event,event,event,event,event,event,cannot,cannot,cannot,cannot,cannot,cannot,cannot,event,event,event,
e947a91c-1e07-40d9-b1f3-b4488288247d,2026-08-31T11:51:56Z,fr,Identified,other-burns,cannot,cannot,cannot,cannot,cannot,cannot,cannot,cannot,cannot,cannot,cannot,cannot,cannot,cannot,cannot,cannot,
5f3ad2a0-ec5f-4544-a4e5-b587cc52d0cf,2026-08-31T11:57:15Z,fr,Identified,want-to-come|builder-barrio|strike|other-burns,event,cannot,cannot,event,build-barrio|event|org-strike,build-barrio|event|org-strike,event,cannot,cannot,build-barrio|event|org-strike,build-barrio|event|org-strike,build-barrio|event|org-strike,build-barrio|event|org-strike,build-barrio|event|org-strike,org-strike,cannot,
63e85a91-b62c-470f-97ab-a27b5224df5c,2026-08-31T11:58:36Z,en,Identified,want-to-come|builder-barrio|strike,build-barrio|event|org-strike,build-barrio|event|org-strike,build-barrio|event|org-strike,build-barrio|event|org-strike,build-barrio|event|org-strike,build-barrio|event|org-strike,build-barrio|event|org-strike,build-barrio|event|org-strike,build-barrio|event|org-strike,build-barrio|event|org-strike,build-barrio|event|org-strike,build-barrio|event|org-strike,build-barrio|event|org-strike,build-barrio|event|org-strike,build-barrio|event|org-strike,build-barrio|event|org-strike,
1df580a0-0e34-4989-a779-c666cae36aa3,2026-08-31T12:01:39Z,en,Identified,want-to-come|other-burns,cannot,cannot,cannot,cannot,cannot,event,event,event,event,event,event,event,cannot,cannot,cannot,cannot,
94b3ba01-fe0d-4d33-8d6f-40965d33e401,2026-08-31T12:04:02Z,en,Identified,want-to-come,cannot,event,event,event,event,event,cannot,cannot,cannot,cannot,event,event,event,event,event,event,
1643b258-5ac0-4503-88a9-999e8690c056,2026-08-31T12:25:27Z,en,Anonymous,want-to-come|builder-barrio|strike,cannot,cannot,cannot,cannot,cannot,build-barrio|event|org-strike,build-barrio|event|org-strike,build-barrio|event|org-strike,build-barrio|event|org-strike,build-barrio|event|org-strike,build-barrio|event,event,cannot,cannot,cannot,cannot,
4b62bf99-cfd3-4bb1-a3bf-e297cce2da2d,2026-08-31T12:25:39Z,en,Identified,want-to-come|builder-barrio,build-barrio|event|org-strike,build-barrio|event|org-strike,build-barrio|event|org-strike,build-barrio|event,cannot,cannot,build-barrio|event|org-strike,build-barrio|event|org-strike,build-barrio|event|org-strike,build-barrio|event|org-strike,build-barrio|event|org-strike,build-barrio|event,cannot,cannot,cannot,event,
58b3c8cb-0f34-4922-9358-e910e31c32bf,2026-08-31T12:28:20Z,en,Identified,want-to-come,event,event,event,event,event,event,cannot,cannot,cannot,cannot,cannot,event,event,event,event,event,
2c672fcb-9154-4538-8710-b778ea897654,2026-08-31T12:31:03Z,es,Identified,want-to-come|builder-barrio|strike|other-burns,cannot,cannot,cannot,cannot,cannot,build-barrio|event,build-barrio|event,build-barrio|event,build-barrio|event,build-barrio|event,cannot,cannot,cannot,cannot,cannot,cannot,
8db30de1-aee9-4220-abf4-054b0612cd43,2026-08-31T12:47:55Z,en,Identified,want-to-come,event,event,event,event,event,event,event,cannot,cannot,cannot,event,event,cannot,cannot,cannot,cannot,
f924db60-a7ea-4fe1-984c-622025370c24,2026-08-31T12:49:03Z,fr,Identified,want-to-come|builder-barrio|other-burns,cannot,event|org-strike,event|org-strike,build-barrio|event|org-strike,cannot,event,event|org-strike,event,build-barrio|event|org-strike,build-barrio|event,cannot,build-barrio|event|org-strike,build-barrio|event|org-strike,build-barrio|event|org-strike,build-barrio|event|org-strike,build-barrio|event|org-strike,Je n'ai rien à ajouter… à part que je vous aime !
7a49d8a3-7de9-4a4b-a606-2c7df7901a81,2026-08-31T12:50:12Z,en,Identified,want-to-come|other-burns,build-barrio|event,event,event,event,event,event,event,event,cannot,cannot,event,event,event,event,event,event,
a8d790a4-7bc9-461c-804e-b3cc7fa14951,2026-08-31T12:53:18Z,en,Identified,want-to-come|builder-barrio|other-burns,build-barrio|event,build-barrio|event,build-barrio|event,build-barrio|event,build-barrio|event,build-barrio|event,cannot,cannot,cannot,cannot,cannot,build-barrio|event,build-barrio|event,build-barrio|event,cannot,cannot,
a712f51e-bf5e-453d-875e-65303064bcbd,2026-08-31T12:54:15Z,es,Identified,want-to-come|other-burns,cannot,cannot,cannot,cannot,cannot,cannot,cannot,event,event,event,cannot,cannot,cannot,cannot,cannot,cannot,
c2a07903-595f-49c7-aecd-87c2cff04d1d,2026-08-31T13:05:58Z,en,Identified,want-to-come|builder-org|builder-barrio|strike|other-burns,build-barrio|event,build-barrio|event,build-barrio|event,build-barrio|event|org-strike,build-barrio|build-event|event,build-barrio|build-event|event,cannot,cannot,cannot,cannot,event|org-strike,build-barrio|event|org-strike,build-barrio|build-event|event|org-strike,build-barrio|build-event|event,event|org-strike,build-barrio|event|org-strike,
f44d307d-7ef7-44cb-838e-e7e3ca3053c7,2026-08-31T13:09:05Z,en,Identified,want-to-come|builder-org|strike|other-burns,build-event|event|org-strike,build-event|event|org-strike,build-event|event|org-strike,build-event|event|org-strike,build-event|event|org-strike,build-event|event|org-strike,build-event|event|org-strike,build-event|event|org-strike,cannot,cannot,build-event|event|org-strike,build-event|event|org-strike,build-event|event|org-strike,build-event|event|org-strike,build-event|event|org-strike,build-event|event|org-strike,
9e667e9f-a59d-4fa2-abf6-6dfce4f8f3d8,2026-08-31T13:09:48Z,it,Identified,want-to-come|builder-barrio,cannot,cannot,cannot,cannot,cannot,cannot,cannot,cannot,cannot,build-barrio|event,build-barrio|event,build-barrio|event,cannot,cannot,cannot,cannot,
c997c5e9-c1c8-4691-acce-f1fdfb98e34d,2026-08-31T13:12:20Z,en,Identified,want-to-come|builder-barrio|other-burns,event,event,event,event,event,event,event,cannot,cannot,cannot,build-barrio,event,event,event,event,cannot,submitting doesnt work
6f71d0b8-399f-47ec-a482-37140024d9a2,2026-08-31T13:20:51Z,en,Anonymous,want-to-come,cannot,cannot,cannot,cannot,cannot,cannot,cannot,cannot,cannot,cannot,event,event,event,cannot,cannot,cannot,"As an AV technician, most of my work occurs from May to August so ideally August would be perfect for me and September kinda works although I do usually have some gigs then that I'd have to accept or refuse. "
bfeac840-5109-4b0e-9c5c-6d57283bf6e9,2026-08-31T13:21:11Z,de,Anonymous,want-to-come|builder-org|builder-barrio,cannot,cannot,build-barrio|event,build-barrio|build-event|event,build-barrio|build-event|event,build-barrio|build-event|event,cannot,cannot,cannot,cannot,cannot,build-barrio|build-event|event,build-barrio|build-event|event,cannot,cannot,cannot,"ich fände es super, wenn wir wieder einen Man-Burn haben könnten"
cfb7fb39-dd02-45a3-8f1c-62e2fa9a162a,2026-08-31T13:29:18Z,en,Identified,want-to-come|builder-org|other-burns,build-barrio|build-event,build-barrio|build-event|event,build-barrio|build-event|event|org-strike,build-barrio|build-event|event|org-strike,build-barrio|build-event|event|org-strike,build-barrio|build-event|event|org-strike,build-barrio|build-event|event|org-strike,build-barrio|build-event|event|org-strike,cannot,cannot,build-barrio|build-event|event,build-barrio|build-event|event|org-strike,build-barrio|build-event|event|org-strike,build-barrio|build-event|event|org-strike,cannot,cannot,
4168d568-6634-4815-80cd-f3617261dfc7,2026-08-31T13:39:02Z,en,Identified,want-to-come|other-burns,event,event,event,event,cannot,cannot,event,event,event,event,event,event,event,event,event,event,
9709a265-9d8f-403a-a105-77ef0657a121,2026-08-31T14:34:49Z,en,Identified,strike,cannot,cannot,cannot,cannot,cannot,build-barrio|event|org-strike,build-barrio|event|org-strike,cannot,cannot,cannot,build-barrio|event|org-strike,build-barrio|event|org-strike,cannot,build-barrio|event|org-strike,cannot,cannot,"The current dates are way too hot, fire risk is not worth it to be possibly evacuated, everyone is dehydrated and acting like a zombie. "
11e57285-18f1-44a5-b7b2-dab89624548c,2026-08-31T14:40:44Z,en,CompletionTracked,want-to-come|builder-barrio|strike,cannot,cannot,cannot,cannot,cannot,cannot,build-barrio|event,build-barrio|event,event|org-strike,event|org-strike,event|org-strike,org-strike,cannot,cannot,cannot,cannot,
7d0ae41e-23da-49c6-a994-771c28479601,2026-08-31T14:43:07Z,es,Identified,want-to-come|other-burns,cannot,cannot,cannot,cannot,cannot,cannot,cannot,event,event,event,event,cannot,cannot,cannot,cannot,cannot,
f99abede-6457-4036-9734-9bb6a85250e9,2026-08-31T14:45:32Z,fr,Identified,want-to-come,cannot,cannot,cannot,cannot,cannot,cannot,cannot,cannot,cannot,event,cannot,cannot,cannot,cannot,cannot,cannot,"En choisissant ces dates je pense aux étudiants, profs qui ne peuvent pas poser de jours de vacances."
834f1254-d162-4703-a267-9199f719ebd0,2026-08-31T15:01:22Z,fr,Identified,want-to-come,event,event,event,event,event,event,event,cannot,cannot,event,event,event,event,event,cannot,cannot,
29343a2b-34ae-47b8-bdb8-a476402d5e42,2026-08-31T15:02:04Z,en,Identified,want-to-come|builder-barrio,cannot,cannot,cannot,cannot,event,build-barrio|event,build-barrio|event,build-barrio|event,event,event,cannot,cannot,cannot,cannot,cannot,cannot,Earlier in the summer
edaacf33-076d-4037-bdea-345817cf0e8f,2026-08-31T15:03:37Z,en,Identified,want-to-come|builder-barrio|other-burns,cannot,cannot,cannot,build-barrio,build-barrio|event,build-barrio|event,build-barrio|event,build-barrio|event,build-barrio|event,build-barrio|event,build-barrio|event,build-barrio|event,event,event,cannot,cannot,
7f03daa6-6971-4f07-8304-17f8b5bc9314,2026-08-31T15:07:02Z,en,Identified,want-to-come|builder-org,build-event|event,build-event|event,build-event|event,build-event|event,build-event|event,build-event|event,build-event|event,build-event|event,build-event|event,build-event|event,build-event|event,build-event|event,build-event|event,build-event|event,build-event|event,build-event|event,"I will go to Nowhere + build whenever it happens, as long as I can. On the other hand, whether I can get holidays on specific times of the year is not always a guarantee but it is always possible for me. Therefore, I basically chose all of the dates, as it wasn't the nature of the question to choose a preferred date"
730b61c5-2d56-404e-bf3f-da44afb652d8,2026-08-31T15:12:09Z,fr,Identified,want-to-come|other-burns,build-barrio|event|org-strike,build-barrio|build-event|event|org-strike,build-barrio|build-event|event|org-strike,build-barrio|build-event|event|org-strike,build-barrio|build-event|event|org-strike,build-barrio|build-event|event|org-strike,build-barrio|build-event|event|org-strike,org-strike,org-strike,org-strike,cannot,cannot,cannot,cannot,cannot,cannot,
46d41cd5-6729-4bd2-b1cf-d1a5b6eb6a14,2026-08-31T15:20:07Z,es,Identified,want-to-come,cannot,cannot,cannot,cannot,cannot,cannot,cannot,event,cannot,cannot,event,cannot,event,cannot,event,cannot,
45e63107-55c8-48f0-bdad-3d5a2a336960,2026-08-31T15:43:51Z,en,Identified,builder-barrio,cannot,cannot,cannot,build-event,event,event,event,event,event,event,cannot,cannot,cannot,cannot,cannot,cannot,
d77cb2e5-f88d-4214-9b90-266064226290,2026-08-31T15:48:41Z,es,Anonymous,want-to-come,cannot,cannot,cannot,cannot,cannot,cannot,cannot,cannot,cannot,build-barrio|org-strike,build-barrio|org-strike,build-event|event,build-event|event,build-barrio,build-barrio|build-event,build-event,Hay otros eventos y aveces es díficil escoger a cual ir... 
68521e86-36dc-4d5d-8fb2-ec5e9380cec7,2026-08-31T16:03:36Z,de,Identified,want-to-come|builder-barrio|strike,build-barrio|event,build-barrio|event,build-barrio|event,build-barrio|event,build-barrio|event,build-barrio|event,build-barrio|event,build-barrio|event|org-strike,build-barrio|event|org-strike,build-barrio|event|org-strike,build-barrio|build-event|event|org-strike,build-barrio|build-event|event|org-strike,build-barrio|build-event|event|org-strike,build-barrio|build-event|event|org-strike,build-barrio|build-event|event|org-strike,build-barrio|build-event|event|org-strike,"Until july 1st 2027 i will be a teacher, this means if the date changes I can not come for build/ stay for strike. But for the future I can plan my year around the new dates. "
69c31a9b-4ed1-457b-a393-e1b4037997c2,2026-08-31T16:04:19Z,de,Identified,builder-org,cannot,build-event,build-event,build-barrio|build-event,event,org-strike,cannot,cannot,cannot,cannot,cannot,cannot,cannot,cannot,cannot,cannot,
e42d2440-63ca-476c-a709-1ae86a12879a,2026-08-31T16:18:28Z,fr,Identified,want-to-come|builder-barrio|other-burns,cannot,build-barrio|event,build-barrio|event,build-barrio|event,cannot,event,cannot,cannot,cannot,build-barrio|event,build-barrio|event,build-barrio|event,build-barrio|event,build-barrio|event,cannot,cannot,"Merci pour le sondage et toute votre énergie pour réfléchir à l'importance problématique.
Dates exclues en mai car Crème Brulée en France
Dates exclues  juin car Kiez burn"
69a10ee2-d360-43f7-8404-fad9b3066594,2026-08-31T16:31:15Z,en,Identified,want-to-come|builder-org|strike,build-event|event|org-strike,build-event|event|org-strike,build-event|event|org-strike,build-event|event|org-strike,build-event|event|org-strike,build-event|event|org-strike,build-event|event|org-strike,build-event|event|org-strike,build-event|event|org-strike,build-event|event|org-strike,build-event|event|org-strike,build-event|event|org-strike,build-event|event|org-strike,build-event|event|org-strike,build-event|event|org-strike,build-event|event|org-strike,
040c1b5b-4042-48aa-bc51-501743b966a6,2026-08-31T16:43:28Z,en,Identified,want-to-come|builder-barrio,build-barrio|event,build-barrio|event,build-barrio|event,build-barrio|event,build-barrio|event,build-barrio|event,build-barrio|event,build-barrio|event,build-barrio|event,build-barrio|event,build-barrio|event,build-barrio|event,build-barrio|event,build-barrio|event,build-barrio|event,build-barrio|event,
276be326-19cd-47c9-be2a-c8ca63bee29a,2026-08-31T17:00:13Z,en,Identified,want-to-come|builder-org|builder-barrio|strike|other-burns,build-barrio|build-event|event|org-strike,build-barrio|build-event|event|org-strike,build-barrio|build-event|event|org-strike,build-barrio|build-event|event|org-strike,build-barrio|build-event|event|org-strike,build-barrio|build-event|event|org-strike,build-event|event,cannot,cannot,cannot,event|org-strike,build-barrio|build-event|event|org-strike,build-barrio|build-event|event|org-strike,build-barrio|build-event|event|org-strike,build-barrio|build-event|event|org-strike,build-barrio|build-event|event|org-strike,Summer is too hot and fiery in this region - we'd have to go somewhere else to do a summer burn.
1cc872dc-aa5e-4314-83b1-c60bf300271d,2026-08-31T17:07:28Z,es,Identified,want-to-come,cannot,cannot,cannot,event,event,event,event,cannot,event,event,cannot,cannot,event,event,cannot,cannot,"He seleccionado las fechas según mi trabajo, también porque prefiero calor a que haya posibilidad de lluvias o frío (mayo)"
531a2393-91f1-4d0d-aaae-dd352b6b64f1,2026-08-31T17:43:05Z,en,Identified,builder-org|builder-barrio,build-barrio|build-event|event|org-strike,build-barrio|build-event|event|org-strike,build-barrio|build-event|event|org-strike,build-barrio|build-event|event|org-strike,build-barrio|build-event|event|org-strike,build-barrio|build-event|event|org-strike,build-barrio|build-event|event|org-strike,build-barrio|build-event|event|org-strike,build-barrio|build-event|event|org-strike,build-barrio|build-event|event|org-strike,build-barrio|build-event|event|org-strike,build-barrio|build-event|event|org-strike,build-barrio|build-event|event|org-strike,build-barrio|build-event|event|org-strike,build-barrio|build-event|event|org-strike,build-barrio|build-event|event|org-strike,I'd prefer the warmer weeks but will make time whenever the event takes place
a0c1a099-c86d-49ed-b3f2-5068dfd8e393,2026-08-31T17:44:33Z,fr,Identified,want-to-come,event,event,event,event,event,event,event,event,event,event,event,cannot,cannot,cannot,cannot,cannot,
e3a9dae7-0482-46d1-97d7-e1348ca76a27,2026-08-31T18:00:46Z,en,Identified,want-to-come,cannot,cannot,cannot,cannot,cannot,build-barrio|build-event,build-barrio|build-event|event,event|org-strike,event|org-strike,event|org-strike,cannot,cannot,cannot,cannot,cannot,cannot,
95fda02d-58c2-4113-ba23-27bd6437cd9e,2026-08-31T18:02:05Z,en,Identified,want-to-come|other-burns,cannot,cannot,cannot,cannot,event,event,event,event,event,event,event,event,cannot,cannot,cannot,cannot,"Even if I could personally choose my holidays whenever I want, some of my barrio members and friends+ could not during scholar time. As they are a huge part of why I come, their constraint apply to me too, to some extents. I think they have more chances to have time in June than in September, even if I believe a mid-september burn would be awesome. Thanks for the hard work <3"
71e0259c-3bd2-43a8-87b0-e575ec0b6d1b,2026-08-31T18:03:39Z,en,Anonymous,want-to-come|builder-org|builder-barrio,cannot,cannot,cannot,build-barrio|build-event|event,event,event,cannot,cannot,cannot,cannot,build-barrio|build-event|event,build-barrio|build-event|event,build-barrio|build-event|event,build-barrio|build-event|event,build-barrio|build-event|event,cannot,"Technically if you take in account the time when it birds might interfere for the event on the new site, then it might be better to leave May and June out, so it seems."
dfae0645-9b06-451e-8b90-e225a8f6981d,2026-08-31T18:10:06Z,fr,Identified,want-to-come|builder-barrio|other-burns,build-barrio|event,build-barrio|event,build-barrio|event,build-barrio|event,build-barrio|event|org-strike,build-barrio|event|org-strike,build-barrio|event,cannot,build-barrio|event,build-barrio|event,cannot,cannot,cannot,build-barrio|event,build-barrio|event,build-barrio|event,En septembre je celebre surement mon mariage !
4e89b807-ac71-440e-976c-2edb20bd8528,2026-08-31T18:12:20Z,en,Identified,want-to-come|builder-barrio,cannot,cannot,cannot,cannot,cannot,build-barrio|event,build-barrio|event,build-barrio|event,build-barrio|event,build-barrio|event,build-barrio|event,cannot,cannot,cannot,cannot,cannot,"Difficult decision. 
Very valid reason to choose another date. Date needs to be sustainable for a longer period of time because I expect  whatever  date you choose it will mean your going to lose a part of the community and it will take a few years to build up again.
Then there is my personal preference to remain a dessert burn. There are already enough cold, damp and wet burns in Europe. So above 30 degrees is a must.
Hence my choice. Please read the i will not come as i do not prefer."
1a759c2f-15b6-4c1b-88c7-d54b6c419894,2026-08-31T18:15:03Z,fr,Identified,want-to-come|strike,event|org-strike,event|org-strike,event|org-strike,event|org-strike,event|org-strike,event,event,event,cannot,cannot,cannot,cannot,cannot,cannot,cannot,cannot,
b1c0546c-f0ca-4855-a85b-bb3ec12815c8,2026-08-31T18:16:44Z,en,Identified,want-to-come|builder-barrio|other-burns,build-barrio|event,build-barrio|event,build-barrio|event,build-barrio|event,build-barrio|event,build-barrio|event,cannot,cannot,cannot,cannot,build-barrio|event,build-barrio|event,cannot,cannot,build-barrio|event,build-barrio|event,
5be1722b-ec58-4ab3-8f81-f50f2015d448,2026-08-31T18:32:51Z,en,Identified,want-to-come|builder-barrio,build-barrio|event,build-barrio|event,build-barrio|event,build-barrio|event,build-barrio|event,build-barrio|event,build-barrio|event,build-barrio|event,build-barrio|event,build-barrio|event,build-barrio|event,build-barrio|event,build-barrio|event,build-barrio|event,build-barrio|event,build-barrio|event,"I will be there no matter the date. I think the beginning of June would be ideal as being really cold at night, or a lot of rain is also not great"
8afd7f14-be66-439f-ae89-583af54de267,2026-08-31T18:50:21Z,fr,Identified,want-to-come|builder-barrio,cannot,cannot,build-barrio|build-event|event|org-strike,build-barrio|build-event|event|org-strike,build-barrio|build-event|event|org-strike,build-barrio|build-event|event|org-strike,build-barrio|org-strike,cannot,cannot,cannot,cannot,cannot,cannot,cannot,cannot,cannot,
5ee4512f-600b-4cfd-a00a-9f7e4d2e716d,2026-08-31T19:09:30Z,en,Identified,want-to-come|builder-barrio|strike|other-burns,event,event,event,event,event,event,cannot,cannot,cannot,cannot,event,event,event,event,event,event,
f06eb08b-bad3-4cd9-af7c-667c6d3e1405,2026-08-31T19:25:24Z,es,Identified,want-to-come|builder-barrio,build-barrio|event,cannot,build-barrio|event,build-barrio|event,build-barrio|event,build-barrio|event,build-barrio|event,cannot,event,event,cannot,cannot,cannot,cannot,cannot,cannot,
c01b0af7-b67d-45b0-ae5d-e8fb9597a214,2026-08-31T19:35:19Z,es,Identified,want-to-come,cannot,cannot,cannot,cannot,event,event,event,event,event,event,event,cannot,cannot,cannot,cannot,cannot,
9d19c7a7-b2e0-4994-8892-44b7bbf3e773,2026-08-31T19:52:32Z,en,Identified,want-to-come,cannot,cannot,cannot,cannot,cannot,cannot,cannot,cannot,cannot,cannot,build-event|event,build-event|event,cannot,cannot,build-event|event,build-event|event,
f081ddb8-8cde-49c4-bdb7-215b665f2ba1,2026-08-31T19:56:56Z,fr,Identified,want-to-come|builder-barrio|strike,build-barrio|event|org-strike,build-barrio|event|org-strike,build-barrio|event|org-strike,cannot,cannot,build-barrio|event|org-strike,build-barrio|event|org-strike,build-barrio|event|org-strike,build-barrio|event|org-strike,build-barrio|event|org-strike,build-barrio|event|org-strike,build-barrio|event|org-strike,cannot,cannot,cannot,cannot,fin mai ; début juin = j'ai une fête familiale
be6b5878-a6ac-4802-9e7f-c982e53be357,2026-08-31T20:08:05Z,de,Identified,want-to-come,cannot,cannot,cannot,cannot,cannot,cannot,cannot,cannot,cannot,event|org-strike,event|org-strike,cannot,cannot,cannot,cannot,cannot,
6a0be5c1-806d-496b-8360-b9d270553d4f,2026-08-31T20:15:24Z,fr,Anonymous,want-to-come|builder-barrio,cannot,cannot,cannot,cannot,cannot,build-event|event,build-event|event,build-event|event,cannot,cannot,build-event|event,build-event|event,build-event|event,cannot,cannot,cannot,
d0413c2d-11fe-44e7-8ecc-42077c75cb3f,2026-08-31T20:35:12Z,en,Anonymous,want-to-come|other-burns,event,cannot,cannot,cannot,cannot,cannot,cannot,cannot,cannot,cannot,event,build-event,build-barrio|build-event,event,build-barrio|build-event|org-strike,event,Too many dates that may clash with other regional burns in May - June. I think mid-end Sept is a good fit to be away from the heat and known to have very low-risk in wildfire.
065d13a4-7a61-4877-ae04-766ffb33c5a8,2026-08-31T20:39:05Z,en,Identified,want-to-come|builder-barrio|other-burns,build-barrio,build-barrio,build-barrio|event,build-barrio|event,event,cannot,cannot,cannot,cannot,cannot,cannot,build-barrio|event,build-barrio|event,build-barrio|event,event,cannot,
3132e1d3-e65e-4b98-86be-e06eea66291f,2026-08-31T20:40:01Z,en,Identified,want-to-come|strike,cannot,cannot,cannot,cannot,cannot,cannot,cannot,cannot,event,event,event,cannot,cannot,cannot,cannot,cannot,
71b1ee2d-c939-4839-a9f9-0e9cc9b55361,2026-08-31T20:50:27Z,es,Identified,want-to-come|builder-org|builder-barrio,build-event,build-event,build-barrio|build-event,build-barrio|build-event,build-barrio|build-event|event|org-strike,build-barrio|build-event|event|org-strike,build-barrio|build-event|event|org-strike,cannot,cannot,cannot,cannot,cannot,cannot,cannot,cannot,cannot,No:)
db494df4-44ed-4aba-8e29-60db2d5e1365,2026-08-31T20:57:41Z,en,Anonymous,strike,cannot,cannot,cannot,cannot,build-barrio|build-event|event|org-strike,build-barrio|build-event|event|org-strike,cannot,cannot,cannot,cannot,cannot,build-barrio|build-event|event|org-strike,build-barrio|build-event|event|org-strike,org-strike,cannot,cannot,
fd37c1fb-a8e1-4cba-8fbd-1314f95b4237,2026-08-31T21:15:31Z,es,Identified,builder-barrio,build-barrio,build-barrio,build-barrio,build-barrio,build-barrio,build-barrio,build-barrio,event,event,event,build-barrio,build-barrio,build-barrio,build-barrio,build-barrio,build-barrio,
1ed8f975-956c-439f-ab0a-72dc703b44c8,2026-08-31T21:37:42Z,en,Identified,want-to-come|builder-barrio|other-burns,cannot,cannot,cannot,cannot,build-barrio|build-event|event|org-strike,build-barrio|build-event|event|org-strike,build-barrio|build-event|event|org-strike,build-barrio|build-event|event|org-strike,build-barrio|build-event|event|org-strike,build-barrio|build-event|event|org-strike,cannot,cannot,cannot,cannot,cannot,cannot,
43927829-bf08-46d1-a00c-33e32a6b5114,2026-08-31T21:55:15Z,fr,Identified,want-to-come,event,cannot,cannot,cannot,cannot,cannot,cannot,cannot,cannot,event,cannot,cannot,cannot,cannot,cannot,cannot,
7137be8c-cdf3-40f9-be87-f47e897a0d73,2026-08-31T22:34:27Z,fr,Anonymous,want-to-come|builder-org|builder-barrio|strike|other-burns,event,event,cannot,cannot,cannot,event,event,org-strike,org-strike,org-strike,event,event,event,event,event,event,"Pas en plein été, on adore se mettre en difficulté mais pas envie de se mettre collectivement en danger, cette époque est déjà bien assez trash au quotidien..

Et pas dans la même période que Crème Brûlée, por favoooooor !!

Merci 🫶 Vous êtes supers!"
026b70ce-e997-4f84-ac9c-f00542d81d06,2026-08-31T22:41:58Z,en,Identified,want-to-come|builder-barrio|strike|other-burns,cannot,cannot,cannot,cannot,cannot,cannot,build-barrio|event,build-barrio|event,cannot,cannot,build-barrio|event,build-barrio|event,build-barrio|event,cannot,cannot,cannot,I think the heat is an important part of the event and it helps keep the principles alive. I wouldn't be as interested if it's done in may or October where it would be cold. 
ce3d00d7-f1e4-48d9-ba35-603248e3b074,2026-08-31T23:57:31Z,en,Identified,want-to-come|builder-barrio|other-burns,build-barrio|event,build-barrio|event,build-barrio|event,build-barrio|event,build-barrio|event,build-barrio|event,build-barrio|event,event,build-barrio|event,event,build-barrio|event,build-barrio|event,build-barrio|event,build-barrio|event,build-barrio|event,build-barrio|event,
3ddd0b2d-2208-44cf-b8c9-59fcdacec0a7,2026-09-01T03:26:07Z,fr,Identified,want-to-come|builder-barrio,cannot,cannot,cannot,cannot,cannot,build-barrio|event,build-barrio|event,build-barrio|event,build-barrio|event,cannot,cannot,cannot,cannot,cannot,cannot,cannot,
9972af39-1999-41e7-a8f9-523f03d46e99,2026-09-01T03:44:00Z,en,Identified,want-to-come|builder-barrio|strike|other-burns,cannot,cannot,cannot,cannot,cannot,cannot,cannot,cannot,cannot,cannot,cannot,cannot,cannot,cannot,cannot,build-barrio|build-event|event,So there will be no overlap between other burning festival in Europe.
f26e03fd-fcdc-4009-a093-ad42eded973c,2026-09-01T04:37:33Z,en,Identified,builder-org,build-event,build-event,build-event,build-event,event,org-strike,org-strike,cannot,cannot,cannot,build-event,build-event,event,event|org-strike,org-strike,cannot,
fce9c610-190b-4e40-ab8c-93cbef20f460,2026-09-01T06:10:52Z,en,Identified,want-to-come|builder-barrio|strike,build-barrio|event,build-barrio|event,build-barrio|event,cannot,cannot,build-barrio|event|org-strike,build-barrio|event|org-strike,build-barrio|event|org-strike,build-barrio|event|org-strike,build-barrio|event|org-strike,build-barrio|event|org-strike,build-barrio|build-event|event|org-strike,build-barrio|build-event|event|org-strike,build-barrio|build-event|event|org-strike,build-barrio|build-event|event|org-strike,build-barrio|build-event|event|org-strike,
23c21c78-75de-4786-92df-39be37dbc25f,2026-09-01T06:41:01Z,de,Identified,want-to-come|builder-barrio,cannot,cannot,build-barrio|build-event,build-barrio|build-event|event,build-barrio|build-event|event,build-event|event,org-strike,cannot,cannot,cannot,event,cannot,cannot,cannot,cannot,cannot,
82735cd8-7455-487b-994f-e4511c1fa720,2026-09-01T07:03:08Z,fr,Identified,want-to-come|builder-org|builder-barrio|strike|other-burns,cannot,cannot,cannot,cannot,cannot,build-barrio|event,build-barrio|build-event|event|org-strike,build-barrio|build-event|event|org-strike,build-barrio|build-event|event|org-strike,build-barrio|build-event|event|org-strike,cannot,cannot,cannot,cannot,cannot,cannot,"Pour ne pas rentrer en conflits avec les autres burn, je pense que la seule solution et d'avoir un site dans une région moins chaude avec moins de risque d'incendie."
8c1704eb-9e40-4619-bad9-757a816e245d,2026-09-01T08:15:08Z,en,Identified,want-to-come|other-burns,event,build-barrio|event,build-barrio|build-event|event|org-strike,build-barrio|build-event|event|org-strike,build-barrio|build-event|event|org-strike,build-barrio|build-event|event|org-strike,event,cannot,cannot,cannot,cannot,cannot,cannot,cannot,cannot,cannot,
7c89e364-ab4c-4f40-8c76-56fb7f218c1a,2026-09-01T08:32:23Z,en,Identified,want-to-come|builder-barrio|strike|other-burns,cannot,cannot,cannot,cannot,build-barrio|build-event|event|org-strike,build-barrio|build-event|event|org-strike,build-barrio|build-event|event|org-strike,build-barrio|build-event|event|org-strike,build-barrio|build-event|event|org-strike,build-barrio|build-event|event|org-strike,build-barrio|build-event|event|org-strike,build-barrio|build-event|event|org-strike,build-barrio|build-event|event|org-strike,build-barrio|event|org-strike,build-barrio|event,build-barrio|event,
436c5487-b820-45fe-a565-8ceecfc0b4eb,2026-09-01T08:33:10Z,en,Identified,want-to-come|builder-barrio|strike|other-burns,build-barrio|event|org-strike,build-barrio|event|org-strike,build-barrio|event|org-strike,build-barrio|event|org-strike,build-barrio|event|org-strike,build-barrio|event|org-strike,cannot,cannot,cannot,cannot,cannot,cannot,build-barrio|event|org-strike,build-barrio|event|org-strike,build-barrio|event|org-strike,build-barrio|event|org-strike,
d185e074-e7d4-4668-8f4a-5693bea04613,2026-09-01T09:09:36Z,fr,Anonymous,want-to-come|builder-org,build-event|event,cannot,build-event|event,cannot,cannot,build-event|event,cannot,cannot,cannot,cannot,build-event|event,build-event|event,build-event|event,build-event|event,build-event|event,build-event|event,
00824a8c-f6ee-49f0-a4f3-8188830c2c7a,2026-09-01T09:10:08Z,ca,Identified,want-to-come|builder-barrio|other-burns,event,event,event,event,cannot,cannot,event,cannot,cannot,cannot,cannot,cannot,event,event,event,event,
97eb24e7-db5c-4827-be8d-aa125e02d785,2026-09-01T09:12:35Z,en,Identified,want-to-come|builder-barrio,cannot,cannot,build-barrio|event,build-barrio|event,build-barrio|event,build-barrio|event,build-barrio|event,build-barrio|event,build-barrio|event,build-barrio|event,build-barrio|event,build-barrio|event,build-barrio|event,build-barrio|event,build-barrio|event,build-barrio|event,
5e24f6ac-5fd4-4447-8d5e-904cab442b39,2026-09-01T09:31:03Z,en,Identified,want-to-come|builder-barrio,cannot,cannot,cannot,cannot,cannot,cannot,event,build-barrio|event,build-barrio|event,build-barrio|event,build-barrio|event,build-barrio|event,build-barrio|event,cannot,cannot,cannot,
9f8c6698-95eb-4321-995f-15af0540be04,2026-09-01T09:32:31Z,en,Identified,want-to-come|builder-org|builder-barrio|strike,build-barrio|build-event|event|org-strike,build-barrio|build-event|event|org-strike,cannot,cannot,cannot,cannot,cannot,cannot,cannot,cannot,build-barrio|event,build-barrio|event,build-barrio|build-event|event,build-barrio|build-event|event|org-strike,build-barrio|build-event|event|org-strike,build-barrio|build-event|event|org-strike,"I think the weather is causing some people too much distress, and it effects their ability to enjoy the event.. I'd like to be able to enjoy workshops during the day! Climate change is real, and we should adapt to this fact, unfortunately."
6474bc40-6222-48ed-bcb3-05771149a583,2026-09-01T10:34:33Z,en,Identified,want-to-come|builder-barrio|other-burns,build-barrio|event,build-barrio|event,build-barrio|event,build-barrio|event,build-barrio|event,build-barrio|event,build-barrio|event,build-barrio|event,build-barrio|event,build-barrio|event,build-barrio|event,build-barrio|event,build-barrio|event,build-barrio|event,build-barrio|event,build-barrio|event,
d8865783-39b0-4ff6-a2b4-69df8df88fe2,2026-09-01T10:34:54Z,en,Anonymous,want-to-come|builder-barrio|other-burns,build-barrio|build-event|event|org-strike,build-barrio|build-event|event|org-strike,build-barrio|build-event|event|org-strike,cannot,cannot,cannot,cannot,cannot,cannot,cannot,cannot,build-barrio|build-event|event|org-strike,build-barrio|build-event|event|org-strike,build-barrio|build-event|event|org-strike,build-barrio|build-event|event|org-strike,build-barrio|build-event|event|org-strike,Thank you for doing this! )'(
cfe48186-cb4f-4f4a-bc50-939f1feea9e6,2026-09-01T10:35:42Z,fr,Anonymous,want-to-come|builder-barrio,cannot,cannot,cannot,cannot,event,event,event,cannot,cannot,cannot,cannot,cannot,cannot,cannot,cannot,cannot,
662d7f97-3ce8-471b-9925-3fce979cee3e,2026-09-01T11:01:39Z,en,Anonymous,want-to-come|other-burns,cannot,cannot,cannot,cannot,cannot,cannot,cannot,cannot,cannot,cannot,cannot,build-barrio|build-event|cannot|event|org-strike,build-barrio|build-event|cannot|event|org-strike,build-barrio|build-event|cannot|event|org-strike,cannot,cannot,No
202ef587-f679-4f61-868c-8372d8ea3554,2026-09-01T11:03:04Z,fr,Anonymous,want-to-come|builder-org|other-burns,event,cannot,cannot,cannot,cannot,cannot,cannot,cannot,cannot,cannot,cannot,org-strike,build-event,build-barrio|build-event|event|org-strike,build-barrio|build-event|event|org-strike,event,
71c559be-6b7e-4dfa-be1c-c8e731647605,2026-09-01T11:08:16Z,en,Identified,want-to-come|builder-barrio,build-barrio|event,build-barrio|event,build-barrio|event,build-barrio|event,build-barrio|event,build-barrio|event,build-barrio|event,build-barrio|event,build-barrio|event,build-barrio|event,build-barrio|event,build-barrio|event,build-barrio|event,build-barrio|event,build-barrio|event|org-strike,build-barrio|event|org-strike,
af587ec8-397e-485a-9c2f-b6749742f21f,2026-09-01T11:14:30Z,en,Anonymous,want-to-come|other-burns,event,event,event,event,event,cannot,cannot,cannot,cannot,cannot,cannot,cannot,event,event,event,event,
c27131c8-51e6-468d-9da9-52d5c42e5a95,2026-09-01T11:14:50Z,en,Anonymous,want-to-come|other-burns,event,event,event,event,event,cannot,cannot,cannot,cannot,cannot,cannot,event,event,event,event,event,
807ecf6a-73e4-4e5c-8cfc-58c67285d58e,2026-09-01T11:15:08Z,en,Identified,want-to-come|builder-org,cannot,cannot,cannot,cannot,cannot,event,build-event|event,build-event|event,build-event|event,cannot,cannot,cannot,cannot,cannot,cannot,cannot,
6b55cce7-b7da-4fea-ae04-e83fe2f7c418,2026-09-01T11:17:48Z,fr,CompletionTracked,want-to-come|strike|other-burns,build-event|event|org-strike,cannot,cannot,cannot,cannot,event|org-strike,event|org-strike,cannot,cannot,cannot,cannot,event|org-strike,build-event|event|org-strike,build-event|event|org-strike,build-event|event|org-strike,build-event|event|org-strike,
b1f33948-7094-464a-9b8d-db051bae582e,2026-09-01T11:24:29Z,en,Anonymous,want-to-come|builder-barrio|strike|other-burns,build-barrio|build-event|event|org-strike,build-barrio|build-event|event|org-strike,cannot,cannot,cannot,cannot,cannot,cannot,cannot,cannot,cannot,build-barrio|build-event|event|org-strike,build-barrio|build-event|event|org-strike,build-barrio|build-event|event|org-strike,build-barrio|build-event|event|org-strike,build-barrio|build-event|event|org-strike,"It feels logical to move the event to before or after the peak hear of the summer 
May and sept/ October feel out of season and likely to overlap less with other summer events 
Thank you for all your efforts and love "
a0817e5d-7781-4a2c-adf4-f5057a958bd3,2026-09-01T11:27:38Z,es,Identified,want-to-come|builder-org|strike,org-strike,org-strike,org-strike,build-event|event|org-strike,build-event|event|org-strike,build-event|event|org-strike,build-event|event,build-event|event,event,cannot,cannot,cannot,cannot,event|org-strike,event|org-strike,event|org-strike,
a64da631-bbf5-42da-bcf2-93064f51cc34,2026-09-01T11:28:36Z,en,Identified,want-to-come|builder-barrio,build-barrio|event,build-barrio|event,build-barrio|event,build-barrio|event,build-barrio|event,build-barrio|event,build-barrio|event,build-barrio|event,build-barrio|event,build-barrio|event,build-barrio|event,build-barrio|event,build-barrio|event,build-barrio|event,build-barrio|event,build-barrio|event,"Personal attendence is more dependant on factors independent of what dates (some)where might be held.
Would love to attend, life may have other plans.

Preference would be a cooler time of year May/Sept.

Need some build in my burn and I'm good at it, barrio build is a compromise between giving time and giving up time. Cooler temps 'might' entice me to contribute more to event build and strike.

From an organisational perspective, holding an event during a period of probable red alert plus deceleration seems slightly absurd.
I wouldn't steer my own ship in this direction."
b15631f5-a0da-4a89-a0cb-2bd8ba03974a,2026-09-01T11:33:10Z,en,Identified,want-to-come|builder-barrio|other-burns,build-barrio|event,build-barrio|event,build-barrio|event,build-barrio|event,cannot,cannot,cannot,build-barrio|event,cannot,cannot,cannot,cannot,build-barrio|event,cannot,build-barrio|event,build-barrio|event,
8af61579-7977-4479-b5aa-57a5eaeb9724,2026-09-01T11:41:26Z,en,Anonymous,other-burns,cannot,cannot,cannot,cannot,cannot,cannot,cannot,cannot,cannot,cannot,cannot,cannot,event,event,event,event,
6c7c1ca8-706a-4271-94fc-b7259ce99705,2026-09-01T11:44:01Z,en,Identified,want-to-come|builder-org|builder-barrio|strike|other-burns,build-barrio|build-event|event|org-strike,build-barrio|build-event|event|org-strike,build-barrio|build-event|event|org-strike,build-barrio|build-event|event|org-strike,build-barrio|build-event|event|org-strike,build-barrio|build-event|event|org-strike,cannot,cannot,cannot,cannot,cannot,cannot,build-barrio|build-event|event|org-strike,build-barrio|build-event|event|org-strike,build-barrio|build-event|event|org-strike,build-barrio|build-event|event|org-strike,
2420a193-b76e-45e4-a2d8-f042dc93bd43,2026-09-01T11:54:52Z,en,Identified,want-to-come|builder-barrio|strike,cannot,cannot,cannot,cannot,cannot,cannot,event,build-barrio|event|org-strike,build-barrio|event|org-strike,build-barrio|event|org-strike,build-barrio|event|org-strike,build-barrio|org-strike,cannot,cannot,cannot,cannot,
cd44e237-e82c-4fbd-b613-348bbf2128f9,2026-09-01T12:05:21Z,es,Identified,want-to-come|other-burns,cannot,cannot,cannot,event,event,event,event,event,event,event,event,event,event,event,event,event,
c7553d86-1343-4d08-b01f-d698b97c1dfa,2026-09-01T12:17:31Z,en,Identified,want-to-come|builder-barrio|other-burns,build-event|event,event,event,event,event|org-strike,event|org-strike,org-strike,cannot,cannot,cannot,build-barrio|build-event,build-barrio|build-event,event,event|org-strike,event|org-strike,event|org-strike,"I stopped going to Nowhere in 2022, as the heat was unbearable for me. I would love to go back if the event is moved to a cooler month."
782c6410-cf12-4d32-8268-920c702bd462,2026-09-01T12:22:05Z,en,Anonymous,want-to-come|other-burns,cannot,cannot,cannot,cannot,cannot,build-barrio|event,build-barrio|event,event,event,event,cannot,cannot,cannot,cannot,cannot,cannot,
d354ab36-91e1-40c1-b234-f69b5878ffb2,2026-09-01T13:01:38Z,en,Identified,want-to-come|builder-barrio|strike,cannot,cannot,cannot,build-barrio|event,build-barrio|event|org-strike,build-barrio|event|org-strike,build-barrio|event|org-strike,cannot,cannot,cannot,build-barrio|event|org-strike,build-barrio|event,build-barrio|event,build-barrio|event,build-barrio|event,cannot,"He votat no puc venir perquè el formulari ho demana. Puc venir, però no em semblen bones dates. Si es fa, aniré igualment"
3953ce6e-2f60-415e-b012-1eda986de808,2026-09-01T13:12:05Z,en,Identified,want-to-come|builder-barrio,cannot,cannot,cannot,cannot,cannot,cannot,cannot,cannot,cannot,cannot,build-barrio|event,build-barrio|event,build-barrio|event,build-barrio|event,build-barrio|event,build-barrio|event,"personally I would either keep it as it is, or move it to later in the year.  I personally can't do July this year, therefore it is not ticked. May is still animal season, also the nights seem chilly? June is already quite full with a lot of events, September could be a good alternative given it is still warm then. October becomes more cold, but perhaps it could be worth to explore, as the people make the event of course. "
49b8ad7f-3846-4b7c-878d-3bc1db694f67,2026-09-01T13:54:42Z,es,Identified,want-to-come|builder-barrio,cannot,cannot,cannot,cannot,cannot,cannot,cannot,cannot,cannot,cannot,build-event,event,build-event,event,build-event,event,Nope
11c406b7-e9f9-4abf-aedb-1ae50aecff8e,2026-09-01T15:04:25Z,en,Anonymous,want-to-come|builder-barrio|other-burns,cannot,cannot,cannot,build-barrio|org-strike,build-barrio|event|org-strike,build-barrio|event|org-strike,build-barrio|event|org-strike,cannot,cannot,cannot,build-barrio|org-strike,build-barrio|event|org-strike,build-barrio|event|org-strike,build-barrio|event|org-strike,build-barrio|event|org-strike,build-barrio|event|org-strike,It is not responsible to put pressure on the local emergency services during fire season when fire season will get longer and hotter every year.
34040295-b9c9-48c3-b193-53e3b95ab305,2026-09-01T15:33:10Z,en,Identified,want-to-come,cannot,cannot,cannot,cannot,event,cannot,cannot,cannot,cannot,cannot,cannot,cannot,cannot,cannot,cannot,cannot,We can only do 31 May - 6th June as it falls into half-term holidays for schoolchildren in the UK when our junior will be away with grandparents. 
0ef3d4e9-8605-4e1e-bdcc-8ae901fb6704,2026-09-01T15:34:07Z,fr,Identified,want-to-come|strike|other-burns,event|org-strike,event|org-strike,event|org-strike,event|org-strike,cannot,cannot,cannot,cannot,cannot,event|org-strike,cannot,cannot,cannot,cannot,cannot,cannot,"Je suis formatrice et fin juin, septembre - octobre, pas possible du tout pour moi"
68f298bf-9f6d-4ca7-8c5e-ad6cb7adbc46,2026-09-01T15:40:23Z,es,Identified,want-to-come|other-burns,event,event,event,event,event,event,event,cannot,cannot,cannot,event,event,event,event,event,event,Gracias por el grandísimo trabajo siempre 
04a8e52d-06d6-4ed1-9e9f-3441903a515e,2026-09-01T17:26:47Z,fr,Identified,want-to-come,cannot,event,event,event,event,event,event,event,event,event,cannot,cannot,cannot,cannot,cannot,cannot,
efe9f5cd-5653-453d-8e48-9306e2324557,2026-09-01T18:42:48Z,en,Anonymous,want-to-come|builder-barrio|other-burns,build-barrio|event|org-strike,build-barrio|event|org-strike,build-barrio|event|org-strike,build-barrio|event|org-strike,build-barrio|event|org-strike,build-barrio|event|org-strike,build-barrio|event|org-strike,cannot,cannot,cannot,build-barrio|event|org-strike,build-barrio|event|org-strike,build-barrio|event|org-strike,build-barrio|event|org-strike,cannot,cannot,-
d44b7c1d-506f-4122-9773-ee6ac60c02d9,2026-09-01T19:22:35Z,fr,Identified,want-to-come,cannot,cannot,cannot,cannot,cannot,cannot,cannot,cannot,cannot,event,cannot,cannot,cannot,cannot,cannot,cannot,"Sorry, I can only during school holidays..."
244daec5-378b-46b2-ae55-aed082f2a96f,2026-09-01T19:54:10Z,fr,Anonymous,want-to-come|builder-org|builder-barrio,cannot,build-event,build-event|event,build-event|event,build-event|event,build-event|event,event,cannot,cannot,cannot,cannot,cannot,cannot,cannot,cannot,event,Quelle bonne idée de changer ! Hâte de découvrir la nouvelle playa !
8718fbeb-6505-4ced-ac14-9c574983880f,2026-09-01T21:10:29Z,fr,Anonymous,want-to-come,cannot,cannot,cannot,cannot,cannot,cannot,cannot,cannot,cannot,cannot,cannot,cannot|event,cannot|event,event,event,event,Ça serait trop cool de faire ça en septembre 👌
6cad6109-9491-4112-9260-f7c86915406f,2026-09-01T21:50:41Z,fr,Identified,builder-barrio|strike,cannot,cannot,cannot,build-barrio|event|org-strike,build-barrio|event|org-strike,build-barrio|event|org-strike,build-barrio|event|org-strike,build-barrio|event|org-strike,build-barrio|event|org-strike,build-barrio|event|org-strike,build-barrio|event|org-strike,build-barrio|event|org-strike,cannot,cannot,cannot,cannot,June and september seems to me to be the best period. However i will still going if we keep the first week of july
4f412a34-114c-4af8-afc5-ce8bdadd5b75,2026-09-01T22:40:50Z,en,Identified,want-to-come|builder-barrio|other-burns,event,event,event,event,event,event,event,event,event,event,event,event,event,event,event,event,
c0bc6089-41ce-4d83-bec3-cd1090a1a353,2026-09-01T22:55:29Z,fr,Anonymous,want-to-come,cannot,cannot,event,cannot,event,cannot,cannot,cannot,event,event,event,cannot,cannot,cannot,cannot,cannot,Merci 
1a2d7d6b-4c96-4305-8538-28e671e00e6f,2026-09-02T06:03:01Z,fr,Anonymous,want-to-come|builder-barrio,cannot,cannot,cannot,cannot,cannot,cannot,cannot,cannot,cannot,event,build-event,build-barrio|event|org-strike,build-barrio|event,build-barrio|event,build-barrio|event,event,Ok
9365b85a-5e61-4238-9c3b-f917e5015f3b,2026-09-02T06:49:40Z,en,Identified,want-to-come|builder-barrio|other-burns,cannot,cannot,build-barrio|event,build-barrio|event,build-barrio|event,build-barrio|event,cannot,cannot,cannot,cannot,cannot,cannot,cannot,cannot,cannot,cannot,
76139771-ff9f-4d4a-b59c-11d42b602822,2026-09-02T07:05:16Z,fr,Anonymous,want-to-come|builder-org|other-burns,cannot,cannot,cannot,cannot,event,event,event,event,event,event,event,event,cannot,cannot,cannot,cannot,Pas assez chaud en mai.
e4467750-2079-454d-9de2-2f7de3b08130,2026-09-02T09:07:42Z,en,Identified,want-to-come|builder-org,cannot,cannot,cannot,cannot,cannot,event,build-event|event,build-event|event,cannot,cannot,build-event|event,build-event|event,build-event|event,build-event|event,build-event|event,build-event|event,"Please add one column as ""I don't like this date - too hot"""
93c9b162-1816-488f-9764-3a6c529f1e66,2026-09-02T09:24:20Z,fr,Anonymous,want-to-come|builder-org,cannot|event,cannot|event,cannot|event,cannot|event,cannot|event,build-event,build-event,event,org-strike,event,event,build-event,org-strike,org-strike,event,event,From 21 to 27 June could be perfect for the weather 
6c528ad5-33a4-494e-9f90-aba4842db35b,2026-09-02T09:38:06Z,fr,Identified,want-to-come,event,event,event,event,event,event,cannot,cannot,cannot,event,event,event,cannot,cannot,cannot|event,event,
5fbc095b-5691-400f-b6e9-29607616984a,2026-09-02T09:49:16Z,fr,Anonymous,want-to-come|builder-barrio|strike|other-burns,event,event,event,event,event,event,cannot,cannot,cannot,cannot,cannot,cannot,cannot,cannot,cannot,cannot,SAME WEEK AS THE BIG BURN
e1442fa0-1e46-4225-9131-1d4b0cf01b47,2026-09-02T10:56:48Z,en,Identified,want-to-come|builder-barrio|other-burns,cannot,cannot,cannot,cannot,event,build-barrio|event,build-barrio|event|org-strike,build-barrio|event|org-strike,build-barrio|event,build-barrio|event,build-barrio|event|org-strike,event,cannot,cannot,cannot,cannot,
581f241b-4511-4578-b615-d9eb7883da4a,2026-09-02T11:50:14Z,fr,Anonymous,want-to-come|other-burns,event,event,event,cannot,event,event,event,event,event,event,event,event,event,event,event,event,
788ac982-1b88-4e1b-ac79-74555329e3f8,2026-09-02T11:51:44Z,en,Identified,want-to-come|other-burns,event,event,event,cannot,event,event,event,event,event,event,event,event,event,event,event,event,
b3d7e728-ab81-414f-986a-1b4b7ad5432d,2026-09-02T11:55:02Z,en,Identified,want-to-come|builder-org|builder-barrio|strike|other-burns,build-barrio|build-event|event|org-strike,build-barrio|build-event|event|org-strike,cannot,cannot,cannot,build-barrio|build-event|event|org-strike,build-barrio|build-event|event|org-strike,build-barrio|build-event|event|org-strike,build-barrio|build-event|event|org-strike,build-barrio|build-event|event|org-strike,build-barrio|build-event|event|org-strike,build-barrio|build-event|event|org-strike,build-barrio|build-event|event|org-strike,build-barrio|build-event|event|org-strike,build-barrio|build-event|event|org-strike,build-barrio|build-event|event|org-strike,
08fc5a3a-cfbc-486e-bce4-a4dcb2d9839a,2026-09-02T12:47:31Z,fr,Identified,want-to-come|builder-barrio,cannot,cannot,cannot,cannot,cannot,cannot,cannot,cannot,cannot,cannot,cannot,build-barrio|event,build-barrio|event,build-barrio|event,build-barrio|event,build-barrio|event,"Je fais parti d'une équipe du festival qui travaille sur des projets spécialisés cette année et plus la date est éloignée plus nous avons de temps pour proposer un projet de qualité.

Je suis intermittent du spectacle et je travaille majoritairement d'Avril à Aout."
5606d5fb-0860-4e2e-bd2f-07c4b155c843,2026-09-02T13:14:29Z,en,Anonymous,want-to-come|builder-barrio|strike|other-burns,cannot,cannot,cannot,cannot,cannot,build-barrio|event|org-strike,build-barrio|event|org-strike,build-barrio|event|org-strike,build-barrio|event|org-strike,build-barrio|event|org-strike,build-barrio|event|org-strike,build-barrio|event|org-strike,build-barrio|event|org-strike,build-barrio|event|org-strike,build-barrio|event|org-strike,build-barrio|event|org-strike,"Cold weather is not desirable - so although I might be available to attend in October, I'm not sure if I would."
e5ead128-283a-4b28-9304-da21999a9f0a,2026-09-02T13:14:53Z,en,Anonymous,want-to-come|builder-barrio|other-burns,cannot,cannot,event,event,event,event,event,event,cannot,cannot,event,event,event,event,cannot,cannot,
63fca9ec-1134-4445-bbc1-788d974b23b3,2026-09-02T13:29:11Z,en,Identified,want-to-come|other-burns,cannot,cannot,cannot,cannot,build-barrio|build-event,build-barrio|build-event|org-strike,build-barrio|build-event|event|org-strike,build-barrio|build-event|event|org-strike,build-event|org-strike,build-barrio|build-event|event,build-barrio|build-event|event|org-strike,build-barrio|build-event|event|org-strike,build-barrio|build-event|event|org-strike,event|org-strike,org-strike,cannot,"THANK YOU FOR EVERYTHING YOU THINK AND EVERYTHING YOU DO
<3<3<3<3<3<3"
eaf1c0ce-c2fb-4b09-b5e0-4d3f5fc01350,2026-09-02T14:45:38Z,en,Anonymous,want-to-come|other-burns,event,event,event,event,event,event,cannot,cannot,cannot,cannot,cannot,event,event,event,event,event,
ea60a903-1848-4409-9022-802428d5fa38,2026-09-02T14:56:23Z,en,Anonymous,want-to-come|other-burns,event,event,event,event,event,cannot,cannot,cannot,cannot,cannot,cannot,event,event,event,event,event,"I heard the heat is unbearable and that's why I didn't come until now. So I hope it can be in a better, more decent weather. Not too cold not to hot
"
11ced15b-267a-4306-8671-06b36f1a894f,2026-09-02T15:07:13Z,en,Anonymous,want-to-come|other-burns,cannot,cannot,cannot,cannot,cannot,cannot,cannot,cannot,cannot,cannot,cannot,cannot,cannot,cannot,build-event,event,I cant come because of work
861b7358-338a-4e86-be28-8122a7c3d166,2026-09-02T15:20:12Z,es,Anonymous,want-to-come|builder-barrio,cannot,cannot,cannot,cannot,cannot,cannot,cannot,cannot,event,build-barrio|event,cannot,cannot,cannot,cannot,cannot,cannot,"He seleccionado estas fechas porque son mis vacaciones de verano y es cuando tengo tiempo de participar y de contribuir ayudando a montar el evento, lo cual me gustaría mucho! Nunca he ido a Elsewhere, y me gustaría mucho vivir la experiencia en mi país y conocer un poco la cultura ""burn"" para implicarse cada vez más:)"
91ee4239-76fa-4d44-a710-12c21af1e203,2026-09-02T15:34:59Z,en,Identified,want-to-come|builder-org,cannot,cannot,cannot,cannot,cannot,cannot,cannot,cannot,cannot,cannot,build-event|event|org-strike,cannot,cannot,cannot,cannot,cannot,"maybe this affects some more people: university/semester dates. In most countries, university starts mid-september and exams go up until july. At least for me it is impossible to participate if the event takes place outside the summer break. Even the last years were hard to organize with the festival taking place at the beginning of july, I had to skip class/decide to not take exams/etc."
eed5abb6-d28b-4f4c-a6fa-914c47baf57c,2026-09-02T15:47:36Z,es,Anonymous,want-to-come,cannot,cannot,cannot,cannot,cannot,cannot,cannot,event,event,event,event,event,cannot,cannot,cannot,cannot,
86321819-0628-4f58-b896-b577057fe974,2026-09-02T16:31:38Z,fr,Identified,want-to-come,cannot,cannot,cannot,cannot,cannot,event,event,cannot,cannot,cannot,event,cannot,cannot,cannot,cannot,cannot,
574125dc-e7be-43d6-8706-99c87b3dc25e,2026-09-02T17:34:09Z,en,Anonymous,want-to-come|builder-barrio|other-burns,cannot,cannot,cannot,build-event,build-event,build-barrio|event,build-barrio|event,event,event,event,org-strike,org-strike,cannot,cannot,cannot,cannot,
f1aab2cd-3beb-4f1c-a982-e6f49cbc3cd3,2026-09-03T04:53:29Z,fr,Identified,want-to-come|builder-barrio|other-burns,build-barrio|event|org-strike,build-barrio|event,cannot,cannot,build-barrio|event|org-strike,build-barrio|event|org-strike,build-barrio|event,event,event,event,build-barrio|event|org-strike,build-barrio|event|org-strike,build-barrio|event|org-strike,build-barrio|event|org-strike,build-barrio|event|org-strike,build-barrio|event|org-strike,
417a60ec-6595-438d-9664-7ed6182c70e7,2026-09-03T05:41:47Z,fr,Identified,want-to-come|builder-barrio|other-burns,build-barrio|event,build-barrio|event,build-barrio|event,build-barrio|event,build-barrio|event,build-barrio|event,build-barrio|event,build-barrio|event,build-barrio|event,build-barrio|event,build-barrio|event,build-barrio|event,build-barrio|event,build-barrio|event,build-barrio|event,build-barrio|event,"Quelque soit la date, je participerai par amour pour cet évènement, mais je cherche à limiter le risque de pluie surtout, et limiter le risque de froid un peu.
Merci pour toutes ces analyses et résumé ♥
No matter the date, I'll participate for the love of this event, but I'm mainly trying to minimize the risk of rain, and reduce the risk of cold weather a little, too.
Thank you for all these analyses and summaries ♥"
b928f19d-9a9d-4098-a4d5-8345c2d4dc90,2026-09-03T06:22:39Z,fr,Anonymous,want-to-come|strike,cannot,cannot,cannot,build-event|event,build-event|event|org-strike,build-event|event,cannot,cannot,cannot,cannot,cannot,build-event|event,cannot,cannot,cannot,cannot,
4337d3af-ecb1-4b13-a2b3-69e80817c0e9,2026-09-03T07:33:15Z,en,Identified,want-to-come|other-burns,event,event,event,event,event,event,cannot,cannot,cannot,cannot,cannot,event,event,event,event,event,I will happily come for event build for any of these dates if work allows it. But that will depend on my next job.
ff436d45-bf7d-45c4-a17d-7065ad95c1df,2026-09-03T07:44:33Z,fr,Anonymous,want-to-come,cannot,event,event,event,event,event,event,event,event,event,event,cannot,cannot,cannot,cannot,cannot,
c28ed35d-0de7-4cfa-bcfb-fe881b526ecb,2026-09-03T09:26:31Z,en,Anonymous,want-to-come|strike|other-burns,cannot,cannot,cannot,cannot,cannot,cannot,cannot,cannot,cannot,cannot,cannot,build-barrio|event|org-strike,build-barrio|event|org-strike,build-barrio|event|org-strike,build-barrio|build-event|event|org-strike,build-barrio|build-event|event|org-strike,"May is too close to Nest for many UK burners. Very little happening later in the year, temperature looks ideal in Sept"
17b642dc-0576-4baa-be63-e08deb2ffb1e,2026-09-03T09:54:28Z,en,Identified,want-to-come|builder-org|builder-barrio|strike|other-burns,build-barrio|build-event|event|org-strike,build-barrio|build-event|event|org-strike,build-barrio|build-event|event|org-strike,build-barrio|build-event|event|org-strike,cannot,event|org-strike,build-barrio|build-event|cannot|event|org-strike,build-barrio|build-event|cannot|event|org-strike,build-barrio|build-event|cannot|event|org-strike,build-barrio|build-event|cannot|event|org-strike,build-barrio|build-event|cannot|event|org-strike,build-barrio|build-event|cannot|event|org-strike,build-barrio|build-event|cannot|event|org-strike,build-barrio|build-event|cannot|event|org-strike,build-barrio|build-event|cannot|event|org-strike,build-barrio|build-event|cannot|event|org-strike,"I've selected multiple choices given my current life situation. I tend to plan my year around this event so if it were to move I'd try to accommodate everything else around it. That said, I already have a commitment the first week of June so basically that's my only none selected option."
775372a0-e4f6-40ba-b6a1-97f49519ff9c,2026-09-03T09:57:56Z,de,Anonymous,want-to-come,event|org-strike,event|org-strike,event|org-strike,cannot,cannot,cannot,cannot,cannot,cannot,cannot,build-barrio|event|org-strike,build-barrio|event|org-strike,build-barrio|event|org-strike,build-barrio|event|org-strike,build-barrio|event|org-strike,build-barrio|event|org-strike,
b36f413b-5363-4475-97ff-7d4ee7638704,2026-09-03T10:05:42Z,fr,Identified,want-to-come,cannot,cannot,event,event,event,event,event,cannot,cannot,cannot,cannot,event,cannot,cannot,cannot,cannot,
4579e86e-70ae-47db-bee9-b9ad96a4afb2,2026-09-03T10:43:20Z,fr,Anonymous,want-to-come|builder-barrio,build-barrio|event,build-barrio|event,build-barrio|event,build-barrio|event,build-barrio|event,build-barrio|event,org-strike,org-strike,org-strike,org-strike,build-barrio|event,build-barrio|event,build-barrio|event,build-barrio|event,build-barrio|event,org-strike,
fe32c1f2-6ac6-462a-9e23-fa75a43c6090,2026-09-03T11:06:38Z,en,Identified,want-to-come|builder-barrio|other-burns,build-barrio|build-event|event,build-barrio|build-event|event,build-barrio|build-event|event,build-barrio|build-event|event,build-barrio|build-event|event,build-barrio|build-event|event,cannot,cannot,build-barrio|build-event|event,build-barrio|build-event|event,cannot,build-barrio|build-event|event,build-barrio|build-event|event,cannot,cannot,cannot,"As a camp lead, our key decision making dates are that the new date does not overlap with WTSS or Borderlands."
34bd8d41-6d95-4463-a7bd-41fc92d9ea3b,2026-09-03T11:39:02Z,en,Anonymous,want-to-come|builder-barrio|other-burns,build-barrio|event,build-barrio|event,build-barrio|event,build-barrio|event,build-barrio|event,build-barrio|event,cannot,cannot,cannot,cannot,event,build-barrio|event,build-barrio|event,build-barrio|event,build-barrio|event,build-barrio|event,
a25c01a7-775f-4bec-bebf-19043fb1dda8,2026-09-03T11:47:15Z,en,Anonymous,want-to-come|builder-barrio,cannot,cannot,cannot,build-event,build-barrio|build-event|org-strike,build-barrio|build-event|event|org-strike,build-barrio|build-event|event|org-strike,event,cannot,cannot,event,build-barrio|build-event|event|org-strike,build-barrio|build-event|org-strike,build-barrio|build-event|org-strike,cannot,cannot,I like it hot 
21ec4131-2e45-463b-8ff7-11896c5481fb,2026-09-03T11:49:31Z,fr,Anonymous,want-to-come|builder-barrio|other-burns,build-barrio|event|org-strike,event|org-strike,org-strike,cannot,cannot,cannot,cannot,cannot,cannot,event,build-barrio|event|org-strike,event|org-strike,cannot,cannot,cannot,cannot,
1949cd35-ea22-4299-86f7-d94a223eb197,2026-09-03T11:51:02Z,es,Anonymous,want-to-come,event,event,cannot,cannot,cannot,cannot,cannot,cannot,cannot,cannot,cannot,event,event,event,event,event,
fc984f7c-c3f6-46c5-8844-205cf74b59d0,2026-09-03T11:52:13Z,en,Anonymous,want-to-come|builder-barrio|strike|other-burns,build-barrio|build-event|event,event,event,event,event,cannot,cannot,cannot,cannot,cannot,cannot,event,cannot,cannot,cannot,cannot,
21ee8e00-894c-43a5-bc6c-8f758a05ac75,2026-09-03T11:56:14Z,en,Identified,want-to-come|other-burns,event,event,build-barrio|event,build-barrio|event,event,cannot,cannot,cannot,event,event,event,build-barrio|event,build-barrio|event,build-barrio|event,build-barrio|event,build-barrio|event,"I’d avoid the weeks around San Juan / the summer solstice. It’s such a busy time socially, with lots of celebrations, parties and festivals already happening, so people tend to have plans."
fca43122-9499-4f83-b477-421ed826bdae,2026-09-03T12:07:51Z,en,Identified,want-to-come|builder-barrio|other-burns,cannot,cannot,cannot,cannot,cannot,cannot,cannot,cannot,cannot,cannot,cannot,cannot,build-barrio|build-event|event|org-strike,build-barrio|build-event|event|org-strike,build-barrio|build-event|event|org-strike,build-barrio|build-event|event|org-strike,
1678ef1e-0e90-4aae-8dda-9567db20a230,2026-09-03T12:14:06Z,en,CompletionTracked,want-to-come|builder-barrio|strike,build-barrio,build-barrio|event,build-barrio|event,build-barrio,build-barrio|event,build-barrio|event,event,cannot,cannot,cannot,build-barrio|event,build-barrio|event,build-barrio|event,build-barrio|event,build-barrio|event,build-barrio|event,
8a59bec0-8dd8-4460-8f41-55f6068324de,2026-09-03T12:33:58Z,es,Anonymous,want-to-come,cannot,cannot,cannot,cannot,cannot,cannot,cannot,cannot,build-barrio|build-event,event|org-strike,cannot,cannot,cannot,cannot,cannot,cannot,Todo bien :)
513e5403-ddd1-4f73-a724-4b9eecfafa1b,2026-09-03T13:01:50Z,en,Identified,want-to-come|builder-barrio,cannot,cannot,cannot,cannot,cannot,cannot,build-event|event,build-event|event,build-event|event,build-event|event,cannot,cannot,event,cannot,cannot,cannot,
04fad7a2-473f-4814-b4b2-43728bd4c3e7,2026-09-03T13:28:42Z,en,Anonymous,want-to-come|other-burns,event,event,event,event,event,event,event,org-strike,org-strike,org-strike,org-strike,org-strike,org-strike,org-strike,org-strike,cannot|org-strike,Vgv
267c96da-de35-4073-8869-77159727ac9a,2026-09-03T13:44:10Z,fr,Anonymous,want-to-come,cannot,cannot,cannot,build-barrio|build-event|org-strike,build-barrio|build-event|event|org-strike,build-barrio|build-event|event|org-strike,build-barrio|build-event|event|org-strike,event,cannot,cannot,cannot,cannot,cannot,cannot,cannot,cannot,
263a788b-f9c1-4d2c-816f-a300b71a5e70,2026-09-03T14:47:07Z,it,Anonymous,want-to-come,cannot,cannot,cannot,event,event,event,cannot,cannot,cannot,cannot,event,event,cannot,cannot,cannot,cannot,
505f79d8-8ec3-48d6-9312-f02f3b265269,2026-09-03T14:47:52Z,en,Anonymous,want-to-come|other-burns,cannot,cannot,build-barrio|build-event|event|org-strike,build-barrio|build-event|event|org-strike,cannot,cannot,cannot,cannot,cannot,cannot,build-barrio|build-event|event|org-strike,build-barrio|build-event|event|org-strike,cannot,cannot,cannot,cannot,"This year in July was too heavy for the hit, and during summer is plenty of festival and tickets are expensive "
dd997ea0-2ce8-436d-9a88-c1e8a0bda6c7,2026-09-03T14:48:46Z,fr,Identified,want-to-come|builder-barrio|other-burns,cannot,build-barrio|build-event|event,build-barrio|build-event|event,cannot,cannot,cannot,build-barrio|event,build-barrio|event,build-barrio|event,build-barrio|event,build-barrio|build-event|event,build-barrio|build-event|event,build-barrio|build-event|event,build-barrio|build-event|event,cannot,cannot,
62bcdb19-3868-43d8-8562-2bf77b6531ba,2026-09-03T14:51:07Z,ca,Identified,want-to-come|builder-barrio,cannot,cannot,cannot,cannot,cannot,cannot,build-barrio|event,cannot,cannot,cannot,cannot,cannot,cannot,cannot,cannot,cannot,
5abda814-392b-4f22-a201-ee50e3ca1ac6,2026-09-03T14:53:07Z,ca,Anonymous,want-to-come|builder-barrio,cannot,cannot,cannot,cannot,cannot,cannot,cannot,build-barrio|event,build-barrio|event,build-barrio|event,org-strike,org-strike,org-strike,org-strike,org-strike,org-strike,Hi ha masses opcions per escollir i això provocarà una gran dispersió d’opinions.
e5ba58b0-6567-4566-8260-aa31e15a7a67,2026-09-03T15:04:31Z,es,Anonymous,want-to-come|builder-barrio|other-burns,build-barrio|event,build-barrio|event,build-barrio|event,build-barrio|event,build-barrio|event,build-barrio|event,cannot,cannot,cannot,cannot,build-barrio|event,build-barrio|event,build-barrio|event,build-barrio|event,build-barrio|event,build-barrio|event,
aa55708d-79cb-4498-b3c4-b8ac8cad38b3,2026-09-03T15:13:33Z,it,Identified,want-to-come|builder-barrio,cannot,cannot,cannot,cannot,event,build-event|event,build-event|event,build-event|event,build-event|event,build-event|event,build-event|event,build-event|event,build-event|event,event,cannot,cannot,I am going to have quite a lot of free time  next year so theoretically I could do it any period BUT I am bound to the heat and desertic environment. That's what I fell for in Nonwhere 2022 and it keeps me getting back 
286c2846-3d83-4f7e-b180-a58f09443af5,2026-09-03T15:55:46Z,es,Anonymous,want-to-come,event,event,event,event,event,cannot,event,event,cannot,cannot,event,event,event,event,event,event,
e3f1d5e5-6387-4cec-99d1-ff49a5c21740,2026-09-03T16:38:50Z,en,Identified,want-to-come|other-burns,build-barrio|event,cannot,cannot,cannot,cannot,cannot,cannot,cannot,cannot,build-barrio|event|org-strike,cannot,cannot,cannot,cannot,cannot,cannot,I work in a school. Impossible to choose my holyday's date
4832108f-2c36-4b46-963f-8fdf9f9cbb08,2026-09-03T17:08:12Z,en,Anonymous,want-to-come,cannot,cannot,cannot,cannot,cannot,cannot,cannot,event,build-barrio|event,build-barrio|event,build-barrio|event,build-barrio|event,build-barrio|event,build-barrio|event,build-barrio|event,build-barrio|event,
a3da982b-0955-4dab-99f0-0e42840a122e,2026-09-03T17:53:51Z,en,Identified,want-to-come|builder-barrio,cannot,cannot,cannot,cannot,build-barrio|event,build-barrio|event,build-barrio|event,build-barrio|event,build-barrio|event,build-barrio|event,build-barrio|event,build-barrio|event,cannot,cannot,cannot,cannot,"if we move from current week to avoid wildfire season (July/August), we still need to take into consideration the other ""big"" regionals as the pool of volunteers is kind of shared; in that regard, first fortnight of September seems preferable (because avoids Nest, Crème Brulée, WTSS...) as would clash ""only"" with smaller burns (Microburn, Pyraegea)"
6acf2058-646b-4d0d-8aaf-9f4586b65893,2026-09-03T18:02:47Z,en,Anonymous,want-to-come|other-burns,build-barrio|event,build-barrio|event,event,cannot,cannot,cannot,cannot,event,event,cannot,cannot,cannot,cannot,cannot,cannot,cannot,
95c69647-6a5a-4d45-b611-802201a7b8f9,2026-09-03T18:13:51Z,fr,Anonymous,want-to-come,event,event,event,event,event,cannot,cannot,cannot,cannot,cannot,cannot,cannot,event,cannot,event,event,
0a209e01-f854-409c-8ff0-0dfd144c964e,2026-09-03T18:23:20Z,en,Anonymous,want-to-come|other-burns,event,event,event,cannot|event,cannot|event,event,org-strike,org-strike,org-strike,org-strike,event,event,event,event,event,event,
81c09627-5418-4d3c-bf8e-45f7b54f527c,2026-09-03T18:37:47Z,en,Identified,want-to-come|builder-org,cannot,cannot,cannot,cannot,cannot,cannot,cannot,cannot,cannot,build-event|event|org-strike,build-event|event|org-strike,build-event|event|org-strike,build-event|event|org-strike,build-event|event|org-strike,build-event|event|org-strike,build-event|event|org-strike,
313a3bdc-9d45-49d7-a933-db7f0101aab7,2026-09-03T18:39:49Z,en,Anonymous,want-to-come|builder-barrio|strike|other-burns,cannot,cannot,cannot,build-barrio|event|org-strike,build-barrio|event|org-strike,build-barrio|event|org-strike,build-barrio|event|org-strike,build-barrio|event|org-strike,build-barrio|event|org-strike,build-barrio|event|org-strike,cannot,cannot,cannot,cannot,cannot,cannot,
0a0fa786-ac28-4286-b689-287d704daeb0,2026-09-03T18:49:19Z,de,Anonymous,want-to-come|builder-barrio,cannot,cannot,build-barrio,build-barrio,build-barrio,build-barrio,build-barrio,build-barrio,cannot,build-barrio,build-barrio,build-barrio,build-barrio,cannot,cannot,cannot,
714d4f57-c786-4e14-abfb-9984a9559367,2026-09-03T18:58:35Z,en,Anonymous,builder-org,build-event|event,build-event|event,build-event|event,build-event|event,build-event|event,build-event|event,build-event|event,cannot,cannot,cannot,cannot,cannot,cannot,cannot,cannot,cannot,
1231af41-b520-46e5-9840-45a8288a5f30,2026-09-03T18:59:24Z,en,Anonymous,want-to-come|builder-org,build-event|event,build-event|event,build-event|event,build-event|event,build-event|event,build-event|event,build-event|event,build-event|event,build-event|event,cannot,cannot,cannot,cannot,cannot,cannot,cannot,
780bd1e5-6163-40ea-9454-2dbc6f7ea8a4,2026-09-03T19:00:05Z,en,Anonymous,want-to-come|builder-org,build-event|event,build-event|event,build-event|event,build-event|event,build-event|event,build-event|event,build-event|event,build-event|event,cannot,cannot,cannot,cannot,cannot,cannot,cannot,cannot,
106231e5-6b16-4bfe-8bce-d817df1cecb7,2026-09-03T19:08:27Z,en,Anonymous,want-to-come,build-barrio|build-event|event,build-barrio|build-event|event,build-barrio|build-event|event,build-barrio|build-event|event,build-barrio|build-event|event,build-barrio|build-event|event,cannot,cannot,cannot,cannot,build-barrio|build-event|event,build-barrio|build-event|event,build-barrio|build-event|event,build-barrio|build-event|event,cannot,cannot,
75bd585c-fe3f-4fb3-ae90-9b4e25f9899e,2026-09-03T19:39:56Z,fr,Anonymous,want-to-come|builder-barrio|other-burns,event,event,event,event,event,cannot,cannot,cannot,cannot,cannot,event,event,event,event,org-strike,org-strike,
7b308f94-b704-421c-9818-7aac292a9b52,2026-09-03T19:45:45Z,de,Anonymous,want-to-come|builder-barrio|strike,cannot,cannot,cannot,cannot,cannot,event,build-barrio|event|org-strike,cannot,cannot,cannot,build-barrio|event,build-barrio|event,build-barrio|event,cannot,cannot,cannot,
1ab3e46c-cab5-4142-b8fd-b882b974fdd1,2026-09-03T20:05:34Z,en,Identified,want-to-come|builder-barrio,cannot,cannot,cannot,cannot,cannot,cannot,cannot,cannot,build-barrio|event,build-barrio|event,build-barrio|event,cannot,cannot,cannot,cannot,cannot,
1ce49438-496f-45ec-99dc-c57f12ca6ba7,2026-09-03T20:33:34Z,en,Anonymous,want-to-come|other-burns,cannot,cannot,cannot,cannot,cannot,cannot,cannot,cannot,cannot,cannot,event,event,event,cannot,cannot,cannot,
b366508c-e242-473f-ba28-9ed376e47898,2026-09-03T23:07:43Z,fr,Identified,want-to-come|builder-barrio,build-barrio|event,build-barrio|event,build-barrio|event,build-barrio|event,build-barrio|event,build-barrio|event,build-barrio|event,build-barrio|event,cannot,cannot,cannot,cannot,build-barrio|event,build-barrio|event,build-barrio|event,build-barrio|event,Merci bisouuuuuuus !!!
2f20d735-82b1-4308-b427-c6d323577bb4,2026-09-03T23:08:38Z,en,Identified,want-to-come|builder-org|other-burns,build-barrio|build-event|event,build-barrio|build-event|event|org-strike,build-barrio|build-event|event,build-barrio|build-event|org-strike,build-barrio|build-event,build-barrio|build-event,build-barrio|build-event,cannot,cannot,cannot,build-barrio|build-event|event,cannot,build-barrio|build-event,build-event|event,build-barrio|build-event|event,build-barrio|build-event|event,
399c8f8d-e6e3-480d-aca5-6bbbd1409a39,2026-09-03T23:12:44Z,en,Identified,builder-barrio,cannot,cannot,cannot,cannot,build-barrio|build-event|event,build-barrio|build-event|event|org-strike,build-barrio|build-event|event,build-barrio|build-event|org-strike,build-barrio|build-event|event,event,build-barrio|build-event,event,org-strike,cannot,cannot,cannot,
4b7e6d97-f556-4f6a-b09e-84808679a28d,2026-09-04T06:34:35Z,de,Identified,want-to-come|builder-barrio,build-barrio,build-barrio|build-event|event,build-barrio|build-event|event,build-barrio|build-event|event,build-barrio|build-event|event,build-event|event,event,event,event,event,build-event|event,event,event,event|org-strike,org-strike,cannot,
9c6ff5c5-2648-45ff-ad0f-a5bd7d8afed8,2026-09-04T09:37:30Z,fr,Identified,want-to-come|builder-org|builder-barrio|other-burns,event|org-strike,build-barrio|event,build-barrio|event,event,event,event,event,build-barrio|event,build-barrio|build-event|event,build-event|event,build-barrio|event,event,event,event,event,event,
0f97e7f6-450e-44d3-935f-0647766b2a26,2026-09-04T10:05:59Z,en,Identified,want-to-come|builder-barrio,cannot,cannot,cannot,cannot,build-barrio|event,build-barrio|event,build-barrio|event,build-barrio|event,cannot,cannot,build-barrio|event,build-barrio|event,build-barrio|event,build-barrio|event,build-barrio|event,build-barrio|event,
2260670a-f281-4f33-8f4e-18176ac2b175,2026-09-04T11:35:46Z,ca,CompletionTracked,want-to-come,cannot,cannot,cannot,cannot,cannot,cannot,cannot,cannot,cannot,event,cannot,cannot,cannot,cannot,cannot,cannot,
8966b727-09ff-406f-8a76-24f7493ac18c,2026-09-04T11:37:19Z,es,Identified,want-to-come|builder-barrio|strike|other-burns,build-barrio|event|org-strike,build-barrio|event|org-strike,build-barrio|event|org-strike,build-barrio|event|org-strike,build-barrio|event,build-barrio|event,build-barrio|event|org-strike,event,event,event,build-barrio|event,event,event,build-barrio|event|org-strike,build-barrio|event|org-strike,build-barrio|event|org-strike,"He elegido estas fechas basadas en mi situación actual (mi temporada fuerte de trabajo es verano) pero peude que cambie de negocio los próximos años y con ello mi disponibilidad. En cualquier caso, haría lo posible por asistir a Elsewhere y al menos unos días de Strike o Build. Igualmente lo que más valoraría es que no se solape con otros burns y que la temperatura y riesgo de incendio sea menor, con lo que me decanto más por mayo."
462493b3-44cf-426a-a83e-cc5f2801e2ee,2026-09-04T12:00:33Z,en,Identified,want-to-come,build-barrio|build-event|event|org-strike,build-barrio|build-event|event|org-strike,build-barrio|build-event|event|org-strike,build-barrio|build-event|event|org-strike,build-barrio|event|org-strike,build-barrio|event|org-strike,build-barrio|event,cannot,cannot,cannot,build-barrio|event|org-strike,build-barrio|event|org-strike,build-barrio|build-event|event|org-strike,build-barrio|build-event|event|org-strike,build-barrio|build-event|event|org-strike,build-barrio|build-event|event|org-strike,"My main reason is that I'm not available in the summer because my professional activities, which are linked to summer turism season. June, July and August being the most busy period, I cannot get free.
The more off season, the more available I am to join the event, build and strike.
The second reason is that July in the usual area of the event is very very hot, and in my opinion, makes the experience less accessible and less rich."
d023f701-80ff-46e5-a2ac-7e408828ddc6,2026-09-04T12:41:46Z,en,Identified,want-to-come,event,event,event,event,event,event,cannot,cannot,cannot,event,cannot,cannot,cannot,cannot,cannot,event,Thanks!
1d634dd2-1e8e-47cb-9767-535891756cd6,2026-09-04T13:10:44Z,en,Anonymous,want-to-come|other-burns,event,event,event,event,event,cannot,cannot,cannot,cannot,cannot,cannot,cannot,event,event,event,event,this is amazing !!! 
9e3fa342-a0c2-4aae-b910-d8ed877bc838,2026-09-04T13:37:03Z,en,Identified,want-to-come|builder-barrio|other-burns,cannot,cannot,cannot,cannot,cannot,build-barrio|build-event,build-barrio|build-event|event,org-strike,cannot,cannot,build-barrio|build-event|cannot|event|org-strike,build-barrio|build-event|cannot|event|org-strike,build-barrio|build-event|cannot|event|org-strike,build-barrio|build-event|cannot|event|org-strike,build-barrio|build-event|cannot|event|org-strike,build-barrio|build-event|cannot|event|org-strike,
17bfcbac-24e2-43a7-a7e0-5f9ae4f40a9b,2026-09-04T15:44:39Z,en,Identified,want-to-come|builder-barrio|strike|other-burns,build-barrio|event,build-barrio|event,build-barrio|event,build-barrio|event,build-barrio|event,cannot,cannot,cannot,cannot,cannot,build-barrio|build-event|event|org-strike,build-barrio|build-event|event,build-barrio|event,cannot,event,build-barrio|event,"May and June I can only take one week off work, so just Barrio build and Event for me, and I would likely leave on Saturday or early Sunday"
371f1d1e-3e67-4272-a078-d50b5a5480c4,2026-09-04T15:47:53Z,ca,Identified,want-to-come|builder-barrio,cannot,cannot,cannot,cannot,build-barrio|event,build-barrio|event,build-barrio|event,build-barrio|event,cannot,cannot,build-barrio|event,build-barrio|event,build-barrio|event,cannot,cannot,cannot,"He descartat les dates amb alt risc d'incendi i cancel·lació i les setmanes de maig i octubre, per les baixes temperatures de nit i probabilitat de pluja."
5ca965c7-7559-4ff3-9445-0e4365b475c1,2026-09-04T15:49:36Z,fr,Identified,want-to-come|other-burns,cannot,cannot,cannot,cannot,cannot,event,event,event,event,event,cannot,cannot,cannot,cannot,cannot,cannot,
da1b0663-3626-4bdf-93f1-e1133de20303,2026-09-04T15:56:41Z,en,Anonymous,want-to-come|builder-barrio,cannot,cannot,cannot,build-barrio|event,build-barrio|event,cannot,cannot,build-barrio|event,build-barrio|event,cannot,build-barrio|event,build-barrio|event,build-barrio|event,build-barrio|event,build-barrio|event,build-barrio|event,
56535098-b260-41cf-a4fb-78b53e2db792,2026-09-04T15:57:28Z,en,Anonymous,want-to-come|builder-barrio,cannot,cannot,cannot,build-barrio|event,build-barrio|event,build-barrio|event,cannot,cannot,cannot,cannot,cannot,cannot,cannot,cannot,build-barrio|event,build-barrio|event,I just consider these the best considering all factors. 
6c55a800-0d46-4ff1-87a7-471053766012,2026-09-04T16:12:22Z,en,Anonymous,want-to-come,build-event|event,build-event|event,build-event|event,cannot,build-event|event,build-event|event,build-event|event,build-event|event,cannot,cannot,cannot,cannot,cannot,cannot,cannot,cannot,
fa075e6d-5b36-45e4-a2bc-d30acb3ae5cd,2026-09-04T16:24:17Z,en,Anonymous,want-to-come,cannot,cannot,cannot,cannot,cannot,build-event,event,build-barrio,cannot,cannot,cannot,cannot,cannot,cannot,cannot,cannot,
62682108-41b1-452a-8d5b-cc8c829ee35d,2026-09-04T16:35:14Z,ca,Anonymous,want-to-come|builder-barrio|strike,cannot,cannot,cannot,build-barrio|build-event|event|org-strike,build-barrio|build-event|event|org-strike,build-barrio|build-event|event|org-strike,build-barrio|build-event|event|org-strike,build-barrio|build-event|event|org-strike,build-barrio|build-event|event|org-strike,cannot,cannot,cannot,cannot,cannot,cannot,cannot,
b665d942-367d-4d14-8182-b8ddb91f37d9,2026-09-04T17:50:53Z,de,Anonymous,want-to-come,cannot,cannot,cannot,cannot,cannot,cannot,cannot,cannot,cannot,build-barrio|event|org-strike,cannot,cannot,cannot,cannot,cannot,cannot,
c92a796f-0183-4826-a428-03643fd36783,2026-09-04T18:51:33Z,ca,Identified,want-to-come|builder-barrio|other-burns,cannot,cannot,cannot,cannot,cannot,cannot,cannot,event,build-barrio|event,build-barrio|event,build-barrio|event,cannot,cannot,cannot,cannot,cannot,
acc674fc-841e-48c2-83ec-92141bec9e9c,2026-09-04T19:02:02Z,en,Anonymous,builder-barrio|other-burns,cannot,cannot,cannot,cannot,cannot,cannot,build-barrio|build-event|event|org-strike,build-barrio|build-event|event|org-strike,build-barrio|build-event|event|org-strike,build-barrio|build-event|event|org-strike,build-barrio|build-event|event|org-strike,build-barrio|build-event|event,build-barrio|event,build-barrio|event,build-barrio|event,cannot,
6c04b5a4-02c2-4a85-80ae-b180096bf9fc,2026-09-04T19:27:58Z,en,Anonymous,want-to-come|builder-barrio|strike,cannot,cannot,build-barrio|build-event|event|org-strike,build-barrio|build-event|event|org-strike,build-barrio|build-event|event|org-strike,build-barrio|build-event|event|org-strike,cannot,cannot,cannot,cannot,cannot,build-barrio|build-event|event|org-strike,build-barrio|build-event|event|org-strike,build-barrio|build-event|event|org-strike,cannot,cannot,
5c4526d1-2da5-452b-8f00-c6db7f46a0d8,2026-09-04T19:41:10Z,en,Anonymous,want-to-come|builder-barrio|strike,cannot,cannot,cannot,cannot,cannot,cannot,cannot,event,event,event,event,event,event,event,org-strike,org-strike,
2da83bea-468c-483c-949d-7aa3ab760d8a,2026-09-04T20:02:00Z,en,Anonymous,want-to-come|builder-barrio,build-barrio,build-barrio|event,build-barrio|event,build-barrio|event,build-barrio|event,event,event,cannot,cannot,cannot,build-barrio|event,cannot,cannot,cannot,cannot,cannot,
b2841eb3-bad2-4030-b741-275cf5ff88bc,2026-09-04T20:29:51Z,fr,Anonymous,want-to-come|other-burns,event,event,event,event,event,event,event,event,build-barrio|build-event|event|org-strike,build-barrio|build-event|event|org-strike,build-barrio|build-event|event|org-strike,event,event,cannot,cannot,cannot,I would privilege a hot and dry weather and dates not common to Borderland 
cdb0a975-8309-4184-95f3-bfe17a2f763c,2026-09-04T20:52:11Z,en,Anonymous,want-to-come,cannot,cannot,cannot,cannot,cannot,cannot,cannot,event,build-barrio|event|org-strike,build-barrio|build-event|event|org-strike,cannot,cannot,cannot,event,cannot,cannot,"As a newcomer to Elsewhere I don't feel like an eventual evacuation order would detract from my experience, especially as I'd like to get involved in build and strike.
On an organisational level, though, as long as there is a full evacuation plan as a contingency, 
I would take it as part of the risk of running an event in the desert. Ie. accepting this risk and planning for it is part of the nature of running an event there. I think that if the wider community wants virtually no risk, then an event in May/late sept/october would make more sense, or else, moving it outside of a hot place - and that's essentially a different event.
I don't think moving the date based on fire risk is beneficial unless it's moved substantially, to the very low risk months. Moving the dates by a few weeks still entails having people on the ground for around a month at high-fire-risk dates.

I think the most important part of the information here is in the Additional Info: that what triggers an evacuation is the alert level, and that it ""comes from above"" - that the local authorities have nothing to do with it.
 
 I'd suggest making these sections more visible:
 Decreto 22/2026, de 11 de marzo (BOA no. 53, 18 March 2026). Article 4(h) provides that under a Roja Plus alert, public events in a forest environment are suspended, along with any event that could generate conditions favouring the start of a forest fire — and that authorisations already granted are suspended (“quedando suspendidas las autorizaciones concedidas”).

This is not a negotiation on the day. On the reading given to us by the comarca, the permit for the camping area ceases to be valid by operation of law the moment Roja Plus is declared. The clause is new in 2026.

and 

3.1.2 The trigger is the alert level, not conditions on site

The regime applies because the site is monte de utilidad pública — public-utility forest land — within 400 m of forest mass. Nothing in it turns on measured air quality, on wind on the day, or on how well-run the event is. It fires on the published alert level for the area.

This is why operational excellence does not solve the problem. The event can be, and has been, held up locally as an example of good practice, and still be caught by a trigger that does not look at any of that.
3.1.3 The mechanism has already been used, on short notice

Roja Plus was declared for the first time on 16–18 August 2025. A festival at La Gabarda park was in progress. In the comarca’s words: “Tuvo que evacuar y punto” — it had to evacuate, full stop.

and 

3.1.4 Shelter-in-place has been proposed and refused

The argument that confinement is objectively safer than evacuation — 2,000 people in private vehicles crossing bone-dry terrain at 40°C creates more fire risk than staying put — was made to the authorities at length. The comarca agreed with it, and said so explicitly.

But the comarca’s position is not the binding one. The decision sits with the Gobierno de Aragón / Medio Natural, and the provincial director’s reported answer was “muy clara: que no” — if Roja Plus comes, you evacuate, “con la ley en la mano”, citing generators, fuel on site, kitchens, lighting and 2,000 people.

The significant part was the direction the warning came from: the local authorities most sympathetic to the event were the ones telling us they expected to be overruled.

Reading the info page, I'm also not clear on what actually happened on the ground when the alerts were used this year. Did people evacuate? Did things need to be packed up, to what extent? Was the running of the event itself impacted etc.?"
693fa7e2-cc4a-4ce8-b365-bbfff5ce9dde,2026-09-04T21:00:51Z,de,Anonymous,want-to-come,cannot,cannot,cannot,cannot,cannot,cannot,event,event,event,event,cannot,cannot,cannot,cannot,cannot,cannot,
6734b047-31dd-4284-9d20-54a389392b18,2026-09-04T21:03:05Z,en,Anonymous,want-to-come|other-burns,cannot,cannot,cannot,event,event,event|org-strike,event|org-strike,cannot,cannot,cannot,build-event,event,event|org-strike,event|org-strike,org-strike,org-strike,
